Country Name,Country Code,Indicator Name,Indicator Code,1960,1961,1962,1963,1964,1965,1966,1967,1968,1969,1970,1971,1972,1973,1974,1975,1976,1977,1978,1979,1980,1981,1982,1983,1984,1985,1986,1987,1988,1989,1990,1991,1992,1993,1994,1995,1996,1997,1998,1999,2000,2001,2002,2003,2004,2005,2006,2007,2008,2009,2010,2011,2012,2013,2014,2015,2016,2017,2018,2019,2020,2021
Aruba,ABW,"GNI per capita, Atlas method (current US$)",NY.GNP.PCAP.CD,,,,,,,,,,,,,,,,,,,,,,,,,,,,,10360,11760,12240,13190,13990,14620,15640,16240,16370,17220,17620,17880,20000,20020,18630,20180,22740,19250,23580,22360,26660,24380,23090,23220,24330,25430,25750,26160,26650,27740,28330,28920,23070,
Africa Eastern and Southern,AFE,"GNI per capita, Atlas method (current US$)",NY.GNP.PCAP.CD,,,,,,,,,,,,,,,,,,,,,,,,630.0022136,601.3493961,536.3512759,531.6189607,589.9304832,679.2254671,721.7097257,729.8857937,768.6743369,718.6275981,709.4514769,698.7898854,733.4437976,748.7662054,751.7664968,693.821318,671.9495722,666.738458,639.670444,624.3636567,674.4884093,820.9102645,1027.562646,1156.230162,1267.429885,1353.315581,1373.730544,1449.38695,1586.639861,1698.808157,1731.834659,1712.653409,1595.753521,1475.979716,1459.517554,1464.995375,1506.731921,1397.54339,1475.697361
Afghanistan,AFG,"GNI per capita, Atlas method (current US$)",NY.GNP.PCAP.CD,,,,,,,,,,,,,,,,,,,,,,,,,,,,,,,,,,,,,,,,,,,,,,,,,,450,510,530,630,650,630,590,550,530,510,520,500,
Africa Western and Central,AFW,"GNI per capita, Atlas method (current US$)",NY.GNP.PCAP.CD,,,113.6811595,122.1498683,128.2086103,133.1528266,136.0739096,128.7898016,130.415396,143.0325799,170.4647139,179.0027191,192.9073292,216.2947894,300.8373849,358.2145656,422.6386179,455.2309801,478.736239,558.9148987,646.0209753,762.9467015,876.473813,925.1852286,757.9089784,685.7662698,623.0209002,614.8551993,630.1427305,563.5661426,556.064935,541.6150343,552.7061107,471.9321428,416.3004065,407.9329748,427.1003289,465.5820333,463.5780672,465.941625,456.0789661,480.2507888,525.0360007,587.6919186,714.6239235,844.720621,1032.385357,1199.487256,1446.614989,1518.557194,1575.915456,1605.756836,1774.067269,1931.831502,2094.405011,2005.306325,1782.174394,1611.497673,1611.870051,1669.284106,1651.552339,1728.850376
Angola,AGO,"GNI per capita, Atlas method (current US$)",NY.GNP.PCAP.CD,,,,,,,,,,,,,,,,,,,,,,,,,,590,680,660,650,850,780,900,330,290,180,370,360,450,410,330,360,390,590,710,1010,1370,1810,2460,3030,3170,3220,3370,4080,4670,4830,3920,2480,2010,1900,2070,1780,1770
Albania,ALB,"GNI per capita, Atlas method (current US$)",NY.GNP.PCAP.CD,,,,,,,,,,,,,,,,,,,,,,,,,,,700,730,730,760,650,410,280,320,380,640,890,800,860,950,1100,1280,1370,1650,2100,2620,3050,3460,4040,4280,4360,4410,4360,4540,4540,4390,4320,4290,4860,5230,5260,6110
Andorra,AND,"GNI per capita, Atlas method (current US$)",NY.GNP.PCAP.CD,,,,,,,,,,,,,,,,,,,,,,,,,,,,,,,,,,,,,,,,,,,,,,,,,,,,,,,,,,,,46040,,
Arab World,ARB,"GNI per capita, Atlas method (current US$)",NY.GNP.PCAP.CD,,,,,,,,,,,,,,,,,,,,,,,2937.916554,2561.696526,2521.606652,2480.610985,2633.094848,2678.526693,2734.835659,2631.566265,3049.279266,2304.452879,2269.092867,2150.746508,2131.550299,2184.494543,2314.612982,2426.242139,2440.09584,2455.029322,2614.366235,2725.911918,2688.919198,2869.172536,3327.897101,3790.596122,4378.612736,5034.88953,5889.979933,5997.454698,6291.946583,6320.284661,7038.842418,7436.622615,7475.881945,6995.510522,6563.464625,6148.395043,6316.51408,6509.02505,6031.868078,
United Arab Emirates,ARE,"GNI per capita, Atlas method (current US$)",NY.GNP.PCAP.CD,,,,,,,,,,,,,,,,,,,,,,,,,,,,,,,,,,,,,,,,,31400,31970,30940,32780,36160,37500,39380,39590,39910,35000,33400,35030,39220,42840,44370,42870,40550,39280,41470,43830,39410,
Argentina,ARG,"GNI per capita, Atlas method (current US$)",NY.GNP.PCAP.CD,,,,,1120,1230,1350,1240,1210,1300,1320,1470,1470,1820,2470,2720,2360,2220,2190,2630,2910,2820,2670,2870,2830,2700,3020,3590,3960,2930,3190,3860,6070,7120,7620,7360,7740,8150,8030,7580,7470,7000,4040,3650,3370,4260,5480,6510,7670,7800,9270,10710,11890,12870,12350,12600,12220,13140,12430,11260,9080,10050
Armenia,ARM,"GNI per capita, Atlas method (current US$)",NY.GNP.PCAP.CD,,,,,,,,,,,,,,,,,,,,,,,,,,,,,,,,,310,360,400,470,520,560,590,610,660,710,800,960,1180,1540,2020,2760,3600,3340,3470,3530,3880,4110,4140,4010,3760,3950,4240,4660,4220,4560
American Samoa,ASM,"GNI per capita, Atlas method (current US$)",NY.GNP.PCAP.CD,,,,,,,,,,,,,,,,,,,,,,,,,,,,,,,,,,,,,,,,,,,,,,,,,,,,,,,,,,,,,,
Antigua and Barbuda,ATG,"GNI per capita, Atlas method (current US$)",NY.GNP.PCAP.CD,,,,,,,,,,,,,,,,,,,,1740,2180,2430,2470,2690,3170,3610,3970,4880,6040,6450,6820,7230,7470,7960,8450,8140,8700,9080,9270,9610,10100,9850,9660,10530,11450,12420,13810,15090,15250,13600,12690,12370,12780,12620,12760,12850,13580,14320,15880,16420,13750,14900
Australia,AUS,"GNI per capita, Atlas method (current US$)",NY.GNP.PCAP.CD,,,1870,1970,2110,2270,2350,2540,2730,2980,3270,3470,3890,4650,5950,7220,7870,8080,8470,9600,10830,11870,12080,11590,12030,12010,12300,12550,14120,15590,17330,18220,18540,18900,18860,19290,20480,21930,21780,21440,21130,20160,20030,21170,25570,30390,34150,37340,42360,44050,46690,50380,60260,66050,65180,60490,54090,51480,53070,54910,53680,56760
Austria,AUT,"GNI per capita, Atlas method (current US$)",NY.GNP.PCAP.CD,,,1060,1140,1240,1340,1470,1560,1680,1850,2070,2320,2760,3580,4650,5540,5980,6660,7540,9620,11460,11180,10380,9600,9270,9360,10820,13810,18070,19300,20630,21810,24520,24870,26140,28190,30090,29560,27970,27080,26810,25320,25030,28100,33850,38770,41500,44540,49210,49150,49750,50700,50100,50720,50390,47480,46240,45040,49010,51010,48360,52210
Azerbaijan,AZE,"GNI per capita, Atlas method (current US$)",NY.GNP.PCAP.CD,,,,,,,,,,,,,,,,,,,,,,,,,,,,,,,,,,110,80,180,240,410,510,600,630,680,740,840,960,1290,1920,2730,3890,4820,5410,5570,6480,7450,7740,6610,4790,4110,4080,4510,4480,4880
Burundi,BDI,"GNI per capita, Atlas method (current US$)",NY.GNP.PCAP.CD,,,70,80,80,70,60,50,50,50,70,70,70,80,100,110,120,140,150,180,220,250,240,230,220,240,250,260,250,230,220,220,210,180,160,150,140,150,150,140,130,130,130,120,120,140,150,170,190,200,220,230,250,260,260,260,260,260,250,240,230,240
Belgium,BEL,"GNI per capita, Atlas method (current US$)",NY.GNP.PCAP.CD,,,1450,1530,1670,1800,1950,2100,2270,2510,2790,3080,3640,4690,6000,6910,7580,8220,9560,11730,13980,13190,11180,9430,8860,8820,10170,13090,17010,18030,19310,20580,23170,23410,25090,27070,28550,28450,26530,25980,25890,24460,24060,27100,32910,37780,39940,42740,46570,46980,47080,46490,47130,47900,47820,45570,43400,42520,46070,48050,45810,50510
Benin,BEN,"GNI per capita, Atlas method (current US$)",NY.GNP.PCAP.CD,,,90,100,110,110,110,120,120,120,120,120,130,160,190,200,210,230,250,310,390,410,360,290,270,260,270,310,360,340,370,380,370,380,330,360,350,380,370,410,480,530,530,600,730,820,860,920,1030,1090,1080,1090,1120,1220,1270,1180,1110,1090,1200,1250,1280,1370
Burkina Faso,BFA,"GNI per capita, Atlas method (current US$)",NY.GNP.PCAP.CD,,,80,80,80,80,80,90,90,90,90,90,90,110,140,160,170,170,200,250,300,300,280,240,210,210,240,270,330,330,330,360,370,360,280,250,250,250,250,270,270,280,270,320,390,460,490,510,570,610,650,680,730,770,760,700,680,670,750,770,770,860
Bangladesh,BGD,"GNI per capita, Atlas method (current US$)",NY.GNP.PCAP.CD,,,,,,,,,,,,,,120,160,210,200,170,170,190,230,260,250,230,220,230,250,280,290,300,320,320,330,320,320,340,370,400,420,420,440,440,440,460,510,550,570,610,660,730,800,890,970,1040,1110,1220,1430,1670,2040,2250,2340,2620
Bulgaria,BGR,"GNI per capita, Atlas method (current US$)",NY.GNP.PCAP.CD,,,,,,,,,,,,,,,,,,,,,,,2360,2090,2010,1950,2190,2720,3110,2830,2250,1620,1430,1250,1240,1520,1590,1460,1440,1480,1660,1770,1970,2370,3060,3800,4300,4820,6070,6680,7010,7260,7490,7590,7700,7430,7400,7610,8530,9500,9630,10720
Bahrain,BHR,"GNI per capita, Atlas method (current US$)",NY.GNP.PCAP.CD,,,,,,,,,,,,,,,,,,,,,,,8520,9150,9310,7900,7230,7700,7800,7660,9070,9800,9890,10030,9680,10380,10790,10310,10070,9870,10940,11500,12060,12940,14570,16550,17890,19660,20860,18830,18970,18160,22010,23790,24070,22580,21570,21250,22000,22230,19930,
"Bahamas, The",BHS,"GNI per capita, Atlas method (current US$)",NY.GNP.PCAP.CD,,,1550,1650,1760,1900,2040,2230,2450,2760,2920,3110,3190,3740,3840,4640,3120,3360,3720,5200,6050,5790,6360,6640,7700,8510,9400,10800,11710,12440,11870,11330,11550,11310,11600,14260,15930,15180,16810,24150,26360,26560,27190,27770,29270,30570,30760,31090,30900,28980,28290,27900,28590,27600,28180,28810,28930,30580,31070,32420,24290,27220
Bosnia and Herzegovina,BIH,"GNI per capita, Atlas method (current US$)",NY.GNP.PCAP.CD,,,,,,,,,,,,,,,,,,,,,,,,,,,,,,,,,,,,,760,1010,1330,1400,1540,1620,1750,2030,2700,3060,3410,3920,4730,4970,4960,5010,4990,5270,5300,5210,5130,5120,5750,6170,6080,6770
Belarus,BLR,"GNI per capita, Atlas method (current US$)",NY.GNP.PCAP.CD,,,,,,,,,,,,,,,,,,,,,,,,,,,,,,,,,1800,1600,1460,1370,1450,1540,1560,1410,1380,1300,1380,1630,2170,2820,3510,4310,5470,5660,6150,6340,6630,7030,7620,6750,5640,5320,5730,6370,6280,6950
Belize,BLZ,"GNI per capita, Atlas method (current US$)",NY.GNP.PCAP.CD,,,330,340,350,370,390,420,420,420,420,450,520,600,730,840,800,850,930,1120,1420,1430,1290,1150,1160,1200,1350,1610,1870,2080,2260,2420,2680,2790,2780,2860,2880,2890,2780,2880,3150,3140,3220,3450,3590,3660,3760,3710,3880,4060,3910,4070,4120,4180,4290,4440,4370,4430,4560,4610,3930,4290
Bermuda,BMU,"GNI per capita, Atlas method (current US$)",NY.GNP.PCAP.CD,,,,,,,,,,,,,,,,,,,,,,,,,,,,,,,,,,,,,,,,,,,,,,,,,,,103480,101610,100100,101760,99920,101120,103620,112940,117000,117290,111750,116540
Bolivia,BOL,"GNI per capita, Atlas method (current US$)",NY.GNP.PCAP.CD,,,,,,,,,,,,,,,,,550,580,650,760,820,900,860,840,850,840,740,710,710,720,720,740,770,790,810,850,900,950,990,980,980,950,920,910,950,1020,1110,1220,1480,1620,1780,2000,2250,2590,2830,2960,3040,3090,3370,3520,3190,3360
Brazil,BRA,"GNI per capita, Atlas method (current US$)",NY.GNP.PCAP.CD,,,,,,,270,320,380,420,450,510,590,730,960,1180,1400,1520,1710,2000,2180,2120,2060,1780,1680,1450,1560,1700,1940,2210,2200,2390,2340,2310,2670,3430,4410,5100,4960,4220,3940,3340,3100,2990,3350,4000,4850,6200,7620,8330,9640,11070,12300,12770,12100,10170,8910,8680,9140,9220,7800,7720
Barbados,BRB,"GNI per capita, Atlas method (current US$)",NY.GNP.PCAP.CD,,,,,,,,,,,,,,,,,,,,,,,,,,,5910,6690,7430,7860,7600,7570,7460,7690,8010,8340,8700,9050,9420,9820,10780,10630,10650,11300,12290,13240,14240,15520,16160,15740,15540,15040,15730,15660,15630,15760,15940,16090,16610,17130,15750,16720
Brunei Darussalam,BRN,"GNI per capita, Atlas method (current US$)",NY.GNP.PCAP.CD,,,,,,,,,,,,,,,,,,,,,,,,,,,,,,12090,12460,13580,15160,15030,15090,15680,16210,16220,14420,14040,14680,16070,17140,17800,19990,23090,27580,30930,34150,32460,33300,35520,42370,45320,43090,38850,33170,29800,29390,32230,31510,
Bhutan,BTN,"GNI per capita, Atlas method (current US$)",NY.GNP.PCAP.CD,,,,,,,,,,,,,,,,,,,,,,,270,250,280,280,330,470,520,550,560,480,450,420,450,460,510,550,530,560,700,750,810,910,1030,1200,1330,1640,1770,1860,2040,2240,2390,2410,2460,2520,2650,2800,2970,3150,2840,
Botswana,BWA,"GNI per capita, Atlas method (current US$)",NY.GNP.PCAP.CD,,,80,80,90,90,100,100,120,140,160,200,260,350,440,520,540,580,690,890,1110,1340,1290,1170,1090,1070,1150,1340,1980,2320,2720,3070,3270,3330,2960,3260,3180,3330,3210,3150,3170,3260,2930,3370,3920,4930,5440,5730,5740,5330,5610,6610,7250,7570,7420,6430,6280,6380,6780,7170,6500,6940
Central African Republic,CAF,"GNI per capita, Atlas method (current US$)",NY.GNP.PCAP.CD,,,80,80,80,90,90,100,100,110,110,110,120,140,170,190,210,240,280,310,360,350,340,270,270,290,340,420,490,490,480,480,470,450,370,350,300,300,280,280,260,260,250,260,300,340,350,380,420,480,510,530,570,380,390,400,410,440,490,520,510,530
Canada,CAN,"GNI per capita, Atlas method (current US$)",NY.GNP.PCAP.CD,,,,,,,,,,,,,,,,,,,,,,,,,,,,,,,,,,,,,,,,21210,22620,23030,23610,25860,29900,34810,38510,43090,45650,43230,44490,47190,51080,52800,52200,47590,43890,42900,45080,46540,43540,48310
Central Europe and the Baltics,CEB,"GNI per capita, Atlas method (current US$)",NY.GNP.PCAP.CD,,,,,,,,,,,,,,,,,,,,,,,,,,,,,,,,,2240.127179,2442.060387,2718.012497,3176.032134,3629.791917,3828.120691,3868.427691,3914.416224,4089.282256,4169.933872,4429.794285,5188.763861,6381.718311,7741.768727,8871.479378,10310.88674,12411.62404,12770.26591,12818.98593,12940.92276,13085.786,13428.53338,13568.33784,13258.43037,12867.23662,13090.44425,14665.18053,15933.94613,15824.0824,17435.8559
Switzerland,CHE,"GNI per capita, Atlas method (current US$)",NY.GNP.PCAP.CD,,,,,,,,,,,,,,,,,,,,,,,,,,,,,,,,,,,,46740,49730,49340,46200,44280,44680,42110,40760,46780,55200,63080,65590,64480,65260,72470,79850,82280,87770,91700,89400,87960,84420,81880,83280,84260,82620,90360
Channel Islands,CHI,"GNI per capita, Atlas method (current US$)",NY.GNP.PCAP.CD,,,,,,,,,,,,,,,,,,,,,,,,,,,,,,,,,,,,,,,,,42510,41460,40720,43340,50340,56280,60750,66220,,,,,,,,,,,,,,
Chile,CHL,"GNI per capita, Atlas method (current US$)",NY.GNP.PCAP.CD,,,580,630,670,670,750,760,780,830,880,1060,1150,1360,1650,1150,1010,1060,1360,1790,2300,2780,2280,1820,1590,1430,1470,1660,1930,2200,2350,2600,3120,3440,3730,4420,5080,5620,5520,5160,5080,4830,4570,4620,5260,6260,7420,8770,10030,9950,10790,11930,14270,15180,14770,14130,13340,13260,14580,14900,13120,15000
China,CHN,"GNI per capita, Atlas method (current US$)",NY.GNP.PCAP.CD,,,70,80,90,100,110,100,90,110,120,130,130,160,180,200,190,190,200,210,220,220,220,220,250,290,310,320,330,320,330,350,390,420,470,540,650,750,800,860,940,1010,1110,1280,1510,1760,2060,2510,3100,3680,4340,5040,5910,6740,7470,7890,8210,8670,9540,10310,10530,11890
Cote d'Ivoire,CIV,"GNI per capita, Atlas method (current US$)",NY.GNP.PCAP.CD,,,160,180,220,210,230,240,270,280,300,300,320,380,480,600,680,780,950,1130,1160,1130,960,720,660,640,730,810,910,830,780,760,780,750,680,700,540,670,760,730,650,600,570,630,770,930,940,970,1090,1190,1230,1110,1240,1350,2020,2050,2050,2030,2180,2290,2280,2450
Cameroon,CMR,"GNI per capita, Atlas method (current US$)",NY.GNP.PCAP.CD,,,,,,,,110,130,160,160,170,190,220,280,360,340,340,520,640,640,800,780,700,720,780,950,1110,1180,1080,970,900,930,950,850,830,740,760,740,730,700,670,670,790,990,1100,1160,1200,1310,1410,1400,1420,1420,1480,1540,1500,1440,1390,1490,1540,1520,1590
"Congo, Dem. Rep.",COD,"GNI per capita, Atlas method (current US$)",NY.GNP.PCAP.CD,,,,,,,,,,,,,,,,,,,,,,,,,,,,,,,,,,,160,150,130,120,120,110,130,140,190,170,190,200,230,260,290,300,320,340,380,410,440,460,470,460,500,530,560,580
"Congo, Rep.",COG,"GNI per capita, Atlas method (current US$)",NY.GNP.PCAP.CD,,,150,150,160,170,180,190,200,220,220,230,270,340,420,500,480,450,490,610,830,1090,1220,1080,1060,990,980,1050,930,940,930,960,1060,910,760,480,470,590,580,490,570,630,670,700,770,1120,1600,1700,2150,2490,2750,2710,3500,3750,3990,3100,2220,1700,1790,1810,1820,1630
Colombia,COL,"GNI per capita, Atlas method (current US$)",NY.GNP.PCAP.CD,,,280,280,310,310,320,300,300,320,330,360,390,460,550,590,620,690,850,1060,1250,1350,1330,1280,1280,1210,1220,1240,1300,1250,1330,1380,1560,1740,2050,2350,2540,2660,2570,2330,2340,2330,2370,2370,2620,3000,3500,4120,4710,5140,5630,6320,7290,7960,8210,7330,6460,5940,6270,6570,5830,6160
Comoros,COM,"GNI per capita, Atlas method (current US$)",NY.GNP.PCAP.CD,,,,,,,,,,,,,,,,,,,,,,,660,590,550,550,620,780,960,930,980,950,1100,1080,870,850,780,790,730,700,730,700,680,790,950,1090,1130,1170,1290,1370,1380,1410,1420,1490,1490,1380,1320,1280,1370,1380,1410,1460
Cabo Verde,CPV,"GNI per capita, Atlas method (current US$)",NY.GNP.PCAP.CD,,,,,,,,,,,,,,,,,,,,,,,510,470,450,450,510,650,840,900,900,910,1040,1190,1300,1410,1350,1350,1330,1370,1410,1350,1300,1520,1900,2160,2300,2820,3300,3480,3400,3510,3440,3490,3360,3210,3130,3080,3400,3630,3060,3330
Costa Rica,CRI,"GNI per capita, Atlas method (current US$)",NY.GNP.PCAP.CD,,,360,350,350,370,390,410,440,470,520,570,630,760,880,970,1050,1250,1480,1740,1950,1420,1020,940,1110,1240,1440,1600,1650,1660,1750,1950,2350,2740,2980,3180,3240,3350,3400,3460,3570,3670,3770,4030,4380,4640,5060,5680,6410,6540,7260,8090,9280,9930,10350,10700,11100,11500,11970,12120,11580,12310
Caribbean small states,CSS,"GNI per capita, Atlas method (current US$)",NY.GNP.PCAP.CD,,,480.0740867,519.9587857,564.0291969,607.2548402,609.5463334,644.4086171,671.6097425,702.8704904,754.8425943,798.1066936,947.4592657,1050.671808,1240.404005,1570.002017,1596.561253,1722.267871,1877.649239,2073.892419,2388.112149,2655.21368,2823.764311,2704.695354,2636.63907,2589.868658,2514.413943,2578.844397,2793.643632,2831.830437,2826.407299,2818.20545,2920.41429,2966.219559,3003.494922,3368.506713,3666.297051,3834.139238,4025.713431,4537.009247,4872.819263,4991.607728,5199.069798,5662.595844,6295.163438,6851.208479,7591.499728,8302.607981,9206.906479,8851.005685,8962.460337,8808.929819,9497.063852,9894.704777,9889.080611,9895.474852,9364.231165,9371.606471,9640.759463,10027.45618,9035.152037,9305.596507
Cuba,CUB,"GNI per capita, Atlas method (current US$)",NY.GNP.PCAP.CD,,,,,,,,,,,,,850,1040,1240,1500,1550,1600,1790,1990,2140,2430,2340,2180,2310,2310,2390,2490,2780,2750,2650,2340,2130,1870,2140,2550,2710,2500,2240,2400,2620,2760,2820,3100,3490,3960,4410,4750,5050,5110,5200,5630,6110,6640,6840,7230,7480,7950,8630,,,
Curacao,CUW,"GNI per capita, Atlas method (current US$)",NY.GNP.PCAP.CD,,,,,,,,,,,,,,,,,,,,,,,,,,,,,,,,,,,,,,,,,,,,,,,,,,,,,,19890,19760,19520,19030,18960,19430,19700,16560,
Cayman Islands,CYM,"GNI per capita, Atlas method (current US$)",NY.GNP.PCAP.CD,,,,,,,,,,,,,,,,,,,,,,,,,,,,,,,,,,,,,,,,,,,,,,,,,,,70220,71050,49570,44030,42930,44380,48240,52840,59480,66880,63370,
Cyprus,CYP,"GNI per capita, Atlas method (current US$)",NY.GNP.PCAP.CD,,,,,,,,,,,,,,,,,,1520,1800,2400,3390,4050,4490,4220,4360,4480,5020,6300,7910,8570,9300,9460,11020,10970,11680,12810,13880,14280,15490,14340,14180,14170,14510,16710,20260,23990,25600,27340,31970,32780,32040,32550,29680,27830,26530,26010,24720,24960,27330,28600,26490,28130
Czechia,CZE,"GNI per capita, Atlas method (current US$)",NY.GNP.PCAP.CD,,,,,,,,,,,,,,,,,,,,,,,,,,,,,,,,,3360,3500,4170,5150,5980,6160,6110,6110,6340,6350,6650,8110,10260,12480,14000,15850,18510,18840,19400,19460,19440,19410,18900,18370,17670,18310,20560,22110,22130,24070
Germany,DEU,"GNI per capita, Atlas method (current US$)",NY.GNP.PCAP.CD,,,,,,,,,,,,,3600,4670,5800,6720,7130,7670,8870,11050,13010,12540,11120,10020,9880,9840,11240,14240,18620,19760,21300,22890,25810,25990,27530,29520,30860,30140,27950,26840,26180,24770,23680,26140,31670,35770,38270,40470,43650,43660,44680,47320,46560,47220,47640,45780,44280,43760,47470,49190,47520,51040
Djibouti,DJI,"GNI per capita, Atlas method (current US$)",NY.GNP.PCAP.CD,,,,,,,,,,,,,,,,,,,,,,,,,,,,,,,,,,,,,,,,,,,,,,,,,,,,,,,,2540,2640,2730,2910,3110,3120,3300
Dominica,DMA,"GNI per capita, Atlas method (current US$)",NY.GNP.PCAP.CD,,,,,,,,,,,,,,,,,,,,710,960,1160,1210,1220,1330,1480,1790,2170,2560,2600,2810,2960,3200,3410,3490,3720,3890,4010,4200,4200,4220,4470,4270,4680,4950,5050,5490,5760,6340,6520,6730,6920,6850,6700,7040,6920,7270,7270,7800,8210,7140,7760
Denmark,DNK,"GNI per capita, Atlas method (current US$)",NY.GNP.PCAP.CD,,,,,,,,,2870,3140,3310,3670,4310,5580,6800,8080,8960,9780,11170,13560,15090,14180,12860,11710,11520,11840,14070,17760,22130,23050,24370,25540,28700,28570,30360,32560,34770,35150,33460,33060,32580,31410,30850,34750,42640,49610,53540,55740,60390,60090,61220,61990,61650,63200,63670,60510,58040,56690,61260,63460,63010,68110
Dominican Republic,DOM,"GNI per capita, Atlas method (current US$)",NY.GNP.PCAP.CD,,,220,240,260,230,250,250,250,280,340,370,430,520,610,710,780,830,900,1030,1140,1210,1240,1240,1300,1100,1030,940,920,910,870,1040,1360,1620,1750,1960,2170,2360,2450,2540,2680,2740,2890,2640,2560,3040,3640,4430,4760,4920,5330,5540,5790,6030,6330,6580,6860,7090,7780,8100,7270,8220
Algeria,DZA,"GNI per capita, Atlas method (current US$)",NY.GNP.PCAP.CD,,,190,230,240,250,230,250,280,310,330,320,440,530,710,910,1060,1100,1320,1640,1990,2200,2260,2190,2270,2400,2590,2810,2750,2550,2370,1980,1900,1730,1620,1550,1520,1510,1540,1530,1590,1670,1730,1930,2250,2710,3110,3600,4210,4290,4470,4600,5200,5520,5490,4850,4370,3950,3980,4010,3570,3660
East Asia & Pacific (excluding high income),EAP,"GNI per capita, Atlas method (current US$)",NY.GNP.PCAP.CD,,,72.57655388,78.76705623,87.19608476,98.54246758,106.4265395,100.4428769,97.43766515,109.2104665,122.1533101,125.4993206,132.4467226,159.8299958,187.1428507,217.9698505,213.5973768,226.8546454,240.7442543,265.9153875,294.178076,311.3181448,310.9376296,306.7635852,324.3993007,346.533578,367.9628428,384.5136678,404.2302557,406.4130032,423.7863021,453.7144864,504.5044004,545.0801209,612.0624519,704.2729645,819.8122678,888.352507,832.3964935,854.7814653,909.917407,981.0152821,1061.771524,1206.650949,1419.067807,1634.007421,1891.365028,2269.706122,2765.118932,3212.087786,3755.321601,4342.454368,5078.291478,5707.12779,6205.4954,6455.559404,6662.474059,7001.562328,7680.852637,8266.722174,8347.152299,9299.673187
Early-demographic dividend,EAR,"GNI per capita, Atlas method (current US$)",NY.GNP.PCAP.CD,,,,,,,,196.3311532,202.545314,216.4168997,228.5198934,241.1927804,257.5837521,307.421413,392.2813561,472.7957822,519.1302735,533.0375737,569.1546515,660.3049099,784.6040647,884.639641,860.3226111,801.6867458,774.1480222,771.4019833,795.8098917,832.1931528,860.7682902,830.2817072,866.5736612,907.7017173,1003.543747,1060.563564,1116.518708,1140.028845,1195.258314,1233.34485,1198.914405,1211.870325,1274.279077,1293.129003,1261.711122,1340.899782,1522.50344,1741.887358,1955.353522,2211.043449,2474.835202,2563.229113,2794.610741,3011.396462,3304.113771,3427.032801,3457.643232,3336.239826,3297.313677,3356.658622,3524.055661,3583.572257,3305.226249,3627.340318
East Asia & Pacific,EAS,"GNI per capita, Atlas method (current US$)",NY.GNP.PCAP.CD,,,143.3355219,156.6502251,174.9994818,193.6229771,212.7155095,223.6401133,242.6683361,276.3380827,306.5162364,334.4939253,392.5608274,498.6213528,604.6556576,705.9366159,732.0485499,791.7946622,934.8846049,1134.701916,1288.478109,1339.661241,1291.585371,1258.097026,1296.864503,1381.850997,1587.625661,1938.128338,2474.206068,2654.64652,2758.585291,2869.17369,3072.092001,3318.977937,3656.187202,4134.120623,4364.214792,4231.386125,3701.873283,3661.276054,3869.853754,3956.6719,3909.510285,4092.387003,4602.686165,5040.232821,5325.6781,5692.242906,6199.255128,6545.38062,7362.614274,8171.85186,9137.019046,9730.288638,9951.484156,9831.571479,9907.045293,10242.71513,11108.89702,11702.67541,11652.0758,12740.00871
Europe & Central Asia (excluding high income),ECA,"GNI per capita, Atlas method (current US$)",NY.GNP.PCAP.CD,,,,,,,,,,,,,,,,,,,,,,,,,,,,,,,,2358.953822,2226.838795,2141.990081,1908.689535,1935.655286,1939.44402,2018.055115,1855.538904,1713.015584,1796.15184,1707.667943,1865.227629,2206.452792,2903.839563,3737.42219,4630.205176,5741.609328,6977.203373,6861.235352,7414.594741,8083.713302,9345.992854,10322.42109,10198.91436,8828.147777,7652.591492,7315.601993,7693.824605,8050.973453,7704.101842,8351.263878
Europe & Central Asia,ECS,"GNI per capita, Atlas method (current US$)",NY.GNP.PCAP.CD,,,,,,,,,,,,,1747.019964,2213.077294,2698.923469,3107.306634,3283.280841,3501.873624,3955.151127,4890.397014,5858.048964,5890.474545,5394.752529,4822.415051,4643.048948,4628.404429,5299.883499,6706.071963,8595.926833,9184.931399,9869.761696,10490.71867,11566.36867,11379.36838,11563.2761,12030.85608,12752.24355,13010.4161,12611.91493,12483.5154,12578.3304,12166.48179,12102.03643,13675.47457,16633.10381,19258.38499,20868.83795,22590.53888,24620.90781,24402.61053,24606.47137,25069.73231,25378.98956,26068.45804,26091.59742,24726.12008,23416.28758,22917.62951,24467.27296,25378.33968,24080.21655,26421.00432
Ecuador,ECU,"GNI per capita, Atlas method (current US$)",NY.GNP.PCAP.CD,,,380,350,380,430,450,460,470,500,520,510,510,600,830,1090,1280,1360,1550,1820,2110,2460,2390,2110,1890,1820,1770,1640,1510,1360,1370,1480,1600,1670,1820,1970,2080,2180,2160,1780,1550,1550,1730,2110,2550,2880,3100,3300,3850,4060,4400,4880,5390,5810,6110,5970,5800,5860,6090,6090,5540,5930
"Egypt, Arab Rep.",EGY,"GNI per capita, Atlas method (current US$)",NY.GNP.PCAP.CD,,,,,,,,170,180,190,220,240,260,290,300,330,350,370,390,420,490,520,550,560,640,680,740,870,840,780,760,750,750,760,820,920,1020,1130,1210,1310,1420,1430,1330,1240,1200,1220,1320,1530,1840,2120,2370,2560,2840,3030,3230,3340,3440,3030,2790,2690,3000,3510
Euro area,EMU,"GNI per capita, Atlas method (current US$)",NY.GNP.PCAP.CD,,,,,,,,,,,,,2899.277333,3723.514039,4622.815611,5329.935056,5651.63009,6070.73609,6891.97701,8548.55283,10265.48016,10165.53134,9203.9296,8203.857158,7974.30509,7987.288546,9230.299466,11815.77929,15367.1515,16472.53387,17757.86908,18996.88525,21316.62635,20989.4639,21525.74087,22654.45278,23912.43603,23860.47136,22815.468,22413.46363,22209.79946,21290.93215,20776.89937,23374.01419,28384.81881,32458.68926,34589.84641,36746.31593,39610.74097,39759.72712,39883.07343,40383.33338,39315.35864,39502.28465,39387.49716,37740.70982,36359.22372,35888.50773,38870.64479,40312.10505,38138.72056,41721.51253
Eritrea,ERI,"GNI per capita, Atlas method (current US$)",NY.GNP.PCAP.CD,,,,,,,,,,,,,,,,,,,,,,,,,,,,,,,,,,,270,270,300,320,330,310,300,310,300,300,340,390,410,420,410,480,510,600,,,,,,,,,,
Spain,ESP,"GNI per capita, Atlas method (current US$)",NY.GNP.PCAP.CD,,,500,570,640,730,840,930,1010,1110,1170,1310,1590,2090,2730,3240,3430,3640,4040,5010,6210,6310,5680,4860,4580,4550,5400,7110,9410,10700,12210,13700,15610,15010,14470,14830,15560,15820,15440,15480,15790,15540,15630,18080,22130,25910,27850,29770,32250,32560,31970,31020,29540,29230,29140,28450,27550,27100,29310,30380,27360,29740
Estonia,EST,"GNI per capita, Atlas method (current US$)",NY.GNP.PCAP.CD,,,,,,,,,,,,,,,,,,,,,,,,,,,,,,,,,,,,,,,,,4170,4310,4620,5730,7500,9730,11500,13430,15190,14570,14580,15840,16760,18140,18880,18570,18290,18760,21200,23050,23040,25970
Ethiopia,ETH,"GNI per capita, Atlas method (current US$)",NY.GNP.PCAP.CD,,,,,,,,,,,,,,,,,,,,,,,,210,200,190,230,280,270,260,260,250,220,210,160,150,150,140,130,120,130,130,120,110,140,160,180,220,280,340,380,390,410,470,550,600,670,740,800,850,890,960
European Union,EUU,"GNI per capita, Atlas method (current US$)",NY.GNP.PCAP.CD,,,,,,,,,,,,,2412.814653,3093.089285,3832.098434,4423.576524,4689.87079,5030.265918,5700.292621,7049.006017,8435.60826,8347.884073,7550.616031,6717.489259,6523.080681,6533.242401,7555.385591,9659.102347,12519.57172,13414.37387,14446.78842,15443.74862,17322.53297,17057.43662,17532.6386,18514.41113,19634.11522,19673.62724,18888.82945,18610.77086,18527.86854,17836.50996,17520.69565,19778.60972,24059.61343,27642.85267,29631.38167,31682.30467,34456.20397,34614.63263,34804.58488,35262.67022,34543.27443,34848.977,34817.77783,33421.97627,32200.39269,31865.27268,34588.98823,36005.25879,34282.46132,37534.95443
Fragile and conflict affected situations,FCS,"GNI per capita, Atlas method (current US$)",NY.GNP.PCAP.CD,,,,,,,,,,,,,,,,,,,,,1053.476059,1164.645272,1236.744255,1224.980012,1095.6221,1046.152065,1033.658083,1053.801244,1083.583655,978.0411243,1151.580791,789.5430792,732.8847976,643.9386393,571.5725963,578.1868429,607.1319541,665.4361256,658.7259788,677.2500576,717.2733005,772.7476083,772.8505464,778.1072317,929.7669198,1079.287477,1298.873618,1558.876219,1876.02723,1986.345529,2146.009786,2022.052917,2186.612772,2246.335635,2295.856067,2028.749367,1868.032691,1769.371586,1757.63285,1824.283795,1723.23212,1788.830659
Finland,FIN,"GNI per capita, Atlas method (current US$)",NY.GNP.PCAP.CD,,,1370,1470,1620,1810,1970,2060,2090,2270,2460,2690,3170,4030,5130,6320,6840,7190,7910,9540,11450,11980,11700,10840,10790,11130,13010,16480,21540,24110,26000,25100,24170,20680,20170,22030,24970,26680,25820,26050,26480,25850,25620,28800,35380,40230,42840,46190,50160,48950,49750,50260,48970,49510,49420,47180,45530,44840,48220,49940,50080,53660
Fiji,FJI,"GNI per capita, Atlas method (current US$)",NY.GNP.PCAP.CD,,,280,290,300,290,300,340,350,350,400,440,530,720,930,1120,1220,1300,1360,1660,1870,2040,1800,1580,1660,1580,1790,1770,1790,1790,1790,1790,1990,2090,2230,2460,2660,2580,2290,2350,2230,2140,2160,2410,3020,3570,3590,3790,3980,3850,3650,3770,4140,4710,5020,5100,5280,5370,5910,5800,4930,4860
France,FRA,"GNI per capita, Atlas method (current US$)",NY.GNP.PCAP.CD,,,1550,1700,1870,2030,2200,2360,2560,2820,3020,3250,3670,4690,5790,6720,7140,7810,8830,10820,13080,13190,12040,10450,9820,9770,11330,14460,18520,19490,20640,21420,23840,23580,24380,25740,27110,26930,25830,25430,24990,23870,23150,26000,31460,35920,37890,40160,43540,44070,43970,44440,43410,43800,43340,41130,39100,38320,41200,42550,39500,43880
Faroe Islands,FRO,"GNI per capita, Atlas method (current US$)",NY.GNP.PCAP.CD,,,,,,,,,,,,,,,,,,,,,,,,,,,,,,,,,,,,,,,,,,,,,,,,,,,,,,,,,,,,,,
"Micronesia, Fed. Sts.",FSM,"GNI per capita, Atlas method (current US$)",NY.GNP.PCAP.CD,,,,,,,,,,,,,,,,,,,,,,,,,,,,,,,,,,2120,2130,2200,2140,1930,1950,2050,2210,2260,2270,2380,2440,2560,2560,2570,2590,2820,2900,3070,3150,3180,3150,3490,3410,3450,3400,3940,3960,3880
Gabon,GAB,"GNI per capita, Atlas method (current US$)",NY.GNP.PCAP.CD,,,330,410,340,360,420,440,460,530,570,610,690,910,1700,2870,4450,4010,3090,3520,4590,5290,4840,4260,4310,3860,3840,3430,4150,4580,4820,5170,5120,4430,4130,3910,4100,4270,3940,3280,3100,3430,3610,3880,4310,5520,5740,6590,7320,7590,7850,8120,9090,9330,9330,7970,7080,6510,6830,7170,7030,7100
United Kingdom,GBR,"GNI per capita, Atlas method (current US$)",NY.GNP.PCAP.CD,,,,,,,,,,,2530,2790,3200,3910,4370,4880,5020,5230,5950,7580,9550,10660,10660,9860,9270,9160,10250,12710,16160,17380,18570,19390,21480,21360,21890,21070,22790,25570,26900,28060,29280,28940,29180,32270,37860,42810,45160,47650,48690,44420,41940,41300,41940,42920,44670,44730,43460,41880,42410,43460,39970,45380
Georgia,GEO,"GNI per capita, Atlas method (current US$)",NY.GNP.PCAP.CD,,,,,,,,,,,,,,,,,,,,,,,,,,,,,,,,,750,540,510,550,670,820,870,840,790,780,840,990,1210,1520,1910,2380,2820,2950,3210,3520,4150,4530,4740,4410,4080,4040,4460,4690,4260,4740
Ghana,GHA,"GNI per capita, Atlas method (current US$)",NY.GNP.PCAP.CD,,,190,200,210,230,250,240,220,220,250,270,260,280,320,300,290,300,350,380,420,410,360,320,340,350,390,420,440,400,400,410,430,420,370,370,380,390,390,390,340,300,270,320,380,460,600,790,1150,1190,1240,1380,1530,1840,1880,1940,1810,1880,2120,2230,2310,2360
Gibraltar,GIB,"GNI per capita, Atlas method (current US$)",NY.GNP.PCAP.CD,,,,,,,,,,,,,,,,,,,,,,,,,,,,,,,,,,,,,,,,,,,,,,,,,,,,,,,,,,,,,,
Guinea,GIN,"GNI per capita, Atlas method (current US$)",NY.GNP.PCAP.CD,,,,,,,,,,,,,,,,,,,,,,,,,,,,,400,390,410,420,460,490,500,500,510,510,470,450,400,360,350,340,370,360,400,470,620,670,690,680,700,700,740,760,780,820,860,950,960,1010
"Gambia, The",GMB,"GNI per capita, Atlas method (current US$)",NY.GNP.PCAP.CD,,,,,,,,,110,110,110,110,120,150,180,230,230,240,260,310,380,390,340,300,290,300,300,320,300,300,310,400,520,710,690,690,700,690,660,640,620,560,440,390,470,520,640,700,810,880,890,760,760,730,650,620,620,660,720,750,740,800
Guinea-Bissau,GNB,"GNI per capita, Atlas method (current US$)",NY.GNP.PCAP.CD,,,,,,,,,,,,,120,130,150,170,150,140,160,180,150,190,200,190,190,200,160,170,180,210,220,240,240,230,220,220,240,240,160,160,210,250,300,330,380,430,440,470,510,560,580,640,630,640,640,640,650,680,720,800,760,780
Equatorial Guinea,GNQ,"GNI per capita, Atlas method (current US$)",NY.GNP.PCAP.CD,,,,,,,,,,,,,,,,,,,,,,,130,130,130,150,170,210,250,230,260,270,380,370,270,250,360,870,700,820,770,900,1270,1190,1720,3890,8110,11600,14250,12530,9970,11540,13870,14030,13230,10850,8270,6510,6730,6320,5800,5810
Greece,GRC,"GNI per capita, Atlas method (current US$)",NY.GNP.PCAP.CD,,,620,700,790,900,1000,1090,1200,1370,,,,,,,,,,,,,,,,,,,,,,,,,,,,,,,,,,,,,24570,26370,28710,29420,27610,24560,23180,22430,22010,20190,18640,17960,19080,19670,17950,20140
Grenada,GRD,"GNI per capita, Atlas method (current US$)",NY.GNP.PCAP.CD,,,,,,,,,,,,,,,,,,,,1150,1300,1310,1300,1280,1340,1500,1790,2200,2490,2670,2840,3040,3140,3120,3210,3310,3500,3660,3990,4310,4610,4510,4650,5290,5350,6650,6430,6830,7260,6720,6940,7060,7030,7350,7520,7750,8350,8740,9610,9750,8910,9630
Greenland,GRL,"GNI per capita, Atlas method (current US$)",NY.GNP.PCAP.CD,,,,,,,,,,,,,1890,2440,3130,3800,4330,5140,6160,7550,9270,9100,8020,7270,6740,7060,8540,11470,15170,16970,15690,16510,17440,16600,17830,19470,20780,20540,20440,19740,20290,19390,18760,20440,25730,30920,30240,34800,,,,,,,,,,,,,,
Guatemala,GTM,"GNI per capita, Atlas method (current US$)",NY.GNP.PCAP.CD,,,260,280,280,290,290,290,310,330,350,360,390,450,540,610,690,800,920,1080,1210,1240,1170,1110,1130,1160,1070,1020,980,980,930,970,1030,1140,1230,1360,1440,1530,1610,1650,1670,1600,1600,1670,1850,2000,2150,2370,2610,2650,2730,2910,3160,3380,3550,3700,3870,4100,4400,4610,4490,4940
Guam,GUM,"GNI per capita, Atlas method (current US$)",NY.GNP.PCAP.CD,,,,,,,,,,,,,,,,,,,,,,,,,,,,,,,,,,,,,,,,,,,,,,,,,,,,,,,,,,,,,,
Guyana,GUY,"GNI per capita, Atlas method (current US$)",NY.GNP.PCAP.CD,,,280,250,280,310,320,340,330,350,360,380,390,430,540,680,660,610,620,670,760,740,590,510,470,500,520,460,470,360,400,330,390,460,570,670,830,890,880,860,890,880,890,940,1030,1090,1470,2280,3850,4190,4510,4820,5290,5540,5570,5470,5600,5910,6290,6630,8220,9380
High income,HIC,"GNI per capita, Atlas method (current US$)",NY.GNP.PCAP.CD,,,1497.263598,1587.563009,1706.862283,1849.897359,2015.271489,2141.897201,2344.811088,2551.512175,2706.81142,2949.360679,3376.99781,4128.472399,4820.949486,5388.432922,5715.308045,6135.650843,7010.532136,8417.323391,9728.111298,10124.02854,9637.324015,9238.958029,9580.87163,10024.57012,11316.43644,13573.61141,16525.72054,17405.81326,18197.71826,18936.54435,20603.9378,21102.52614,22233.32437,23743.1849,24943.64491,25070.50313,24109.77906,24389.02951,25414.73826,25404.13333,25253.75581,27208.70909,31051.30854,34188.58868,35880.28613,37313.20534,38953.34175,38302.92009,39344.13881,40657.59535,42001.70918,42814.23845,42973.39163,41753.39006,40885.14654,41181.55649,44073.22212,45604.7585,43855.31832,47903.6421
"Hong Kong SAR, China",HKG,"GNI per capita, Atlas method (current US$)",NY.GNP.PCAP.CD,,,,570,630,700,710,710,740,840,930,1060,1300,1750,2150,2450,2900,3340,3930,4700,5730,6360,6290,5890,6170,6090,7230,9080,10770,11550,12660,14320,16560,19560,21820,23570,24140,26080,25110,25800,26930,26350,25270,26340,28120,28890,30290,32070,33950,32350,33620,35690,36340,38570,40240,41180,42970,46380,50050,50480,48560,54450
Honduras,HND,"GNI per capita, Atlas method (current US$)",NY.GNP.PCAP.CD,,,180,180,190,210,220,230,250,250,260,270,280,320,360,380,410,460,610,830,1090,1090,1020,1000,1080,1160,1260,1410,1410,1270,1110,940,930,950,880,900,870,910,910,930,1020,1050,1070,1130,1210,1290,1360,1490,1630,1670,1740,1880,1970,2010,2010,2060,2120,2250,2330,2390,2190,2540
Heavily indebted poor countries (HIPC),HPC,"GNI per capita, Atlas method (current US$)",NY.GNP.PCAP.CD,,,,,,,,,,,,,,,,,,,,,376.6701393,395.2102659,367.5948931,323.1800746,310.7481406,309.8187511,342.035275,387.3920767,416.7304628,408.4147059,405.2251615,418.1042376,373.0446865,350.7163161,310.1551516,315.1953427,314.8297351,329.1794925,326.9983506,328.4732851,330.7282781,329.4684693,335.9374855,361.4860479,415.3931693,469.8563269,520.0500439,586.4166702,687.3289239,745.5767522,783.6538469,819.1784957,861.2640734,915.895586,979.2774275,972.4276453,961.4292403,974.1810612,976.419431,992.5614981,965.4566172,1015.597302
Croatia,HRV,"GNI per capita, Atlas method (current US$)",NY.GNP.PCAP.CD,,,,,,,,,,,,,,,,,,,,,,,,,,,,,,,,,,,,,,5570,5470,5230,5260,5350,5660,6730,8600,10250,11420,12780,14390,14240,14220,14230,13610,13760,13500,13270,12680,12980,14410,15540,14810,17150
Haiti,HTI,"GNI per capita, Atlas method (current US$)",NY.GNP.PCAP.CD,,,,,,,,,,,,,,,,,,,,,250,250,250,240,260,280,320,340,380,370,420,450,390,310,260,310,360,390,400,450,550,640,720,660,650,690,790,900,1010,1160,1130,1240,1300,1390,1430,1410,1360,1340,1410,1390,1320,1420
Hungary,HUN,"GNI per capita, Atlas method (current US$)",NY.GNP.PCAP.CD,,,,,,,,,,,,,,,,,,,,,,,,,,,,,,,,,,3660,4030,4250,4370,4400,4410,4490,4620,4790,5290,6630,8650,10390,11250,11770,13250,13420,13270,13260,13090,13520,13560,13230,13100,13190,14980,16520,15950,17740
IBRD only,IBD,"GNI per capita, Atlas method (current US$)",NY.GNP.PCAP.CD,,,,,177.7464804,192.4113723,201.0822759,201.4897769,206.6662161,224.5119119,242.1879299,256.908007,277.8262231,335.0029404,415.1473563,488.7933865,512.0388371,532.9583067,575.620594,661.9942469,759.9498784,819.3365963,804.1456181,753.1646042,747.9577696,755.2127494,791.5111278,847.7209985,897.8388465,897.1997317,949.1991536,952.9004547,1009.475847,1051.394151,1118.772817,1212.31476,1343.369325,1437.925678,1395.256369,1371.32562,1418.191648,1428.251811,1446.476226,1570.600559,1829.350297,2137.871647,2488.192068,2957.445477,3493.611056,3758.918597,4199.931198,4682.483508,5315.160201,5744.328131,5927.195977,5748.201901,5635.140355,5762.319979,6197.335744,6526.890906,6288.582517,6916.810468
IDA & IBRD total,IBT,"GNI per capita, Atlas method (current US$)",NY.GNP.PCAP.CD,,,,,164.9596702,178.1346579,186.0200911,186.5835008,191.6346336,208.0074032,225.3775504,238.728359,257.4939388,307.3105554,381.4920107,448.8829436,472.2915621,491.461242,529.4066848,608.5397441,699.0303967,757.2318084,749.7171273,707.5539235,691.9619678,692.9792921,721.2706321,769.9708554,813.7999233,808.7268175,850.1185867,852.5070667,894.4091335,921.412387,969.9579382,1045.544566,1153.093144,1230.463449,1193.412688,1172.854516,1209.85751,1218.830475,1235.048862,1337.934062,1554.304003,1808.389181,2097.281349,2478.56106,2918.141791,3133.431637,3481.425477,3838.842146,4324.153561,4658.225756,4805.645905,4658.665961,4558.770966,4643.032157,4967.569385,5207.671303,5007.570061,5475.677757
IDA total,IDA,"GNI per capita, Atlas method (current US$)",NY.GNP.PCAP.CD,,,,,,,,,125.1278404,135.0202486,153.14649,160.2008423,168.767727,181.2647347,229.5782184,269.7667297,297.0403948,310.2538002,328.6087968,378.5713062,440.2456791,499.9403599,533.4185086,534.9527865,470.0302688,444.0263506,439.2245214,459.2360609,480.3860235,458.7631404,458.8106705,460.3644585,440.569887,406.0800739,378.9322742,388.9192035,410.83599,430.2716554,426.1110144,429.7266805,439.6380469,454.7755563,473.966463,511.2766492,589.8010654,667.7688537,761.6972003,863.5991917,1003.106434,1079.456653,1152.680864,1138.005661,1188.77303,1262.551596,1341.758399,1335.684991,1317.859617,1316.899408,1363.524687,1396.843877,1361.996842,1438.009111
IDA blend,IDB,"GNI per capita, Atlas method (current US$)",NY.GNP.PCAP.CD,,,104.7299486,111.7161075,115.8768458,122.3303526,127.3713442,126.7048288,134.204859,150.9202009,180.0159546,190.3714278,201.6210742,208.7408081,268.4579365,307.3476342,358.3517269,387.7925368,414.4749869,479.6832311,562.843805,676.0430168,783.4726667,835.4726231,699.7274137,637.5075269,582.8915171,572.3411532,584.0042314,533.8071823,524.7484259,507.237054,512.1039148,457.9967449,436.360129,444.9359028,481.7916942,501.3689451,488.5951604,491.9386516,504.2840601,529.0396659,562.9578412,608.0095208,718.4469374,828.2633859,985.2726619,1127.63867,1319.079788,1382.425364,1462.103754,1540.744097,1719.146854,1872.540162,2006.17667,1979.884953,1887.845434,1791.532438,1816.121362,1819.827302,1737.048629,1830.398307
Indonesia,IDN,"GNI per capita, Atlas method (current US$)",NY.GNP.PCAP.CD,,,,,,,,,,70,80,80,90,110,160,220,270,300,360,400,470,530,560,530,520,500,510,510,510,530,560,610,660,740,850,990,1090,1100,660,570,580,720,790,900,1080,1220,1380,1600,1940,2150,2530,3010,3580,3730,3620,3430,3400,3530,3840,4050,3870,4140
IDA only,IDX,"GNI per capita, Atlas method (current US$)",NY.GNP.PCAP.CD,,,,,,,,,,,,,,,,,,,,,,,,331.6553251,317.374194,317.0242436,349.7284053,393.2829101,422.1647744,420.8301403,427.5438043,443.1015591,404.6038402,383.480183,351.3601101,362.6986401,375.0531441,394.9270653,396.4408844,400.3139958,408.8654829,419.1179813,430.8170958,464.4170787,526.9516849,588.9532763,650.778468,732.3022996,845.6292132,929.0532614,998.9478543,936.1574149,921.9451614,954.9709707,1006.158561,1009.960906,1029.416377,1076.596951,1134.342016,1182.678159,1172.476378,1239.945188
Isle of Man,IMN,"GNI per capita, Atlas method (current US$)",NY.GNP.PCAP.CD,,,,,,,,,,,,,,,,,,,,,,,,,,,,,,,,,,,,,,17050,18800,21310,21880,22480,23780,27790,34170,39600,44420,47220,42870,45990,71570,74390,82210,87840,89000,83990,78860,78810,83660,83920,,
India,IND,"GNI per capita, Atlas method (current US$)",NY.GNP.PCAP.CD,,,90,100,110,110,110,110,100,110,120,120,120,140,170,190,180,190,210,220,270,290,290,280,280,290,310,350,390,390,380,350,340,320,340,370,400,410,410,440,440,450,460,520,610,710,790,910,1000,1120,1220,1360,1480,1520,1560,1600,1680,1820,2010,2100,1910,2170
Not classified,INX,"GNI per capita, Atlas method (current US$)",NY.GNP.PCAP.CD,,,,,,,,,,,,,,,,,,,,,,,,,,,,,,,,,,,,,,,,,,,,,,,,,,,,,,,,,,,,,,
Ireland,IRL,"GNI per capita, Atlas method (current US$)",NY.GNP.PCAP.CD,,,,,,,,,,,,,2070,2540,2990,3390,3280,3580,4120,5120,6380,6780,6390,5720,5610,5630,6370,8220,10420,11100,12560,13130,14440,14600,15480,16920,18880,20650,21430,22690,24130,24080,24920,29980,37840,44640,47950,50530,50940,46810,44850,42220,40730,43510,46410,50390,51810,53350,59350,63300,65750,74520
"Iran, Islamic Rep.",IRN,"GNI per capita, Atlas method (current US$)",NY.GNP.PCAP.CD,,,210,210,220,250,270,290,320,360,390,440,540,730,1080,1480,2010,2080,2030,2230,2150,2370,3000,3270,3130,3440,3610,3460,2950,2520,2540,,,,,1290,1610,1800,1790,1750,1770,1810,1900,2210,2520,2960,3480,4270,4970,5560,6250,7020,7660,7530,6960,5710,5730,5750,5110,4260,3370,
Iraq,IRQ,"GNI per capita, Atlas method (current US$)",NY.GNP.PCAP.CD,,,,,,,,,,,,,,,,,,,,,3910,3420,3010,2350,2540,2760,3060,3540,3730,3730,7070,70,50,40,60,130,390,750,920,1290,1600,1730,1420,850,1370,1430,1820,2400,3550,4160,4580,4960,6310,7050,6750,5800,5340,4640,5040,5780,4990,5040
Iceland,ISL,"GNI per capita, Atlas method (current US$)",NY.GNP.PCAP.CD,,,1540,1740,2050,2440,2980,3110,2790,2490,,,,,,,,,,,,,,,,,,,,,,,,,,,,28480,29270,30400,31540,30700,30930,33710,42020,50520,53450,61880,50060,41860,36270,37610,40690,46960,48090,49940,54910,60230,67760,72900,62410,64410
Israel,ISR,"GNI per capita, Atlas method (current US$)",NY.GNP.PCAP.CD,,,1320,1330,1310,1440,1470,1480,1730,1910,,,,,,,,,,,,,,,,,,,,,,,,,,,,18960,18770,18480,19360,19310,18540,18650,20010,21500,22370,24040,26270,27400,29770,31760,32540,34670,36300,36200,36540,37970,41320,43540,42610,49560
Italy,ITA,"GNI per capita, Atlas method (current US$)",NY.GNP.PCAP.CD,,,960,1060,1160,1280,1410,1550,1700,1850,2060,2250,2620,3250,3930,4320,4510,4730,5270,6740,8430,8710,8220,7630,7760,8030,9380,12160,15950,17300,18660,20370,22960,21590,20860,20670,21830,22300,22220,21990,21910,21190,20770,23410,28360,32480,34280,35930,37980,37990,37960,37980,36220,35570,34910,33000,31970,31380,33850,34940,32380,35710
Jamaica,JAM,"GNI per capita, Atlas method (current US$)",NY.GNP.PCAP.CD,,,,,,,,,620,650,720,760,980,1020,1180,1370,1380,1460,1410,1320,1220,1300,1350,1390,1130,920,950,1170,1480,1690,1770,1730,1610,1840,1880,2290,2520,2770,2890,3120,3240,3240,3260,3440,3650,3800,4080,4320,4560,4330,4390,4590,4980,5010,4910,4700,4600,4750,5010,5250,4670,4800
Jordan,JOR,"GNI per capita, Atlas method (current US$)",NY.GNP.PCAP.CD,,,,,,,,,,,,,,,,,,,1160,1540,1810,2040,1980,1750,1730,1670,1870,2100,2160,1560,1270,1090,1240,1280,1340,1420,1430,1450,1480,1530,1670,1740,1780,1900,2160,2340,2510,2730,3110,3380,3520,3620,3720,3830,3920,3950,4000,4080,4270,4410,4310,4480
Japan,JPN,"GNI per capita, Atlas method (current US$)",NY.GNP.PCAP.CD,,,610,700,810,900,1040,1210,1430,1680,1880,2140,2720,3620,4430,5170,5410,5940,7450,9450,10850,11130,10550,10270,10520,11460,13850,18170,24890,27010,27820,28600,30560,33370,37150,42570,43940,40760,35010,34320,36810,37380,35360,35660,39000,41280,40590,39310,39380,39230,43910,47470,50060,48850,44440,39380,38460,38930,41770,42010,40810,42620
Kazakhstan,KAZ,"GNI per capita, Atlas method (current US$)",NY.GNP.PCAP.CD,,,,,,,,,,,,,,,,,,,,,,,,,,,,,,,,,,1430,1310,1280,1340,1390,1390,1290,1270,1360,1530,1810,2300,2930,3860,4980,6110,6790,7440,8280,9940,11840,12080,11380,8770,8040,8070,8820,8710,8720
Kenya,KEN,"GNI per capita, Atlas method (current US$)",NY.GNP.PCAP.CD,,,100,100,110,100,120,120,130,140,130,160,190,200,230,250,250,280,320,390,450,450,390,340,310,310,340,370,410,400,370,350,330,270,260,270,340,390,430,430,410,400,380,400,450,510,580,700,820,820,920,1000,1050,1110,1230,1300,1460,1510,1680,1830,1840,2010
Kyrgyz Republic,KGZ,"GNI per capita, Atlas method (current US$)",NY.GNP.PCAP.CD,,,,,,,,,,,,,,,,,,,,,,,,,,,,,,,,,520,450,370,360,390,390,360,300,280,280,290,340,400,450,500,610,760,860,850,880,1040,1190,1250,1180,1110,1110,1220,1240,1180,1180
Cambodia,KHM,"GNI per capita, Atlas method (current US$)",NY.GNP.PCAP.CD,,,,,,,,,,,,,,,,,,,,,,,,,,,,,,,,,,,,250,320,320,290,300,300,310,320,350,400,460,520,590,670,700,750,810,880,970,1020,1060,1140,1230,1380,1530,1510,1550
Kiribati,KIR,"GNI per capita, Atlas method (current US$)",NY.GNP.PCAP.CD,,,,,,,,,,,,,,,,,,,870,860,690,660,790,780,590,540,520,550,640,670,720,960,1030,1020,1050,1150,1090,1340,1470,1300,1330,1340,1250,1310,1480,1700,1710,1820,1930,1900,2040,2090,2620,2980,3200,3450,2800,2930,3170,3440,2910,
St. Kitts and Nevis,KNA,"GNI per capita, Atlas method (current US$)",NY.GNP.PCAP.CD,,,,,,,,,,,,,,,,,,,,1370,1670,1850,1940,2010,2240,2510,3070,3690,4390,4660,5220,5260,5710,6190,6710,7310,7690,8080,7830,8280,9120,9440,9370,9270,10390,11640,12440,13050,15520,15290,15270,15900,16070,17300,17340,17160,17900,18530,19780,21150,18440,18560
"Korea, Rep.",KOR,"GNI per capita, Atlas method (current US$)",NY.GNP.PCAP.CD,,,120,120,130,130,140,150,190,240,280,310,340,430,550,660,810,970,1280,1680,1870,2030,2050,2170,2340,2480,2850,3530,4520,5380,6450,7570,8310,9010,10090,11820,13320,13550,10330,10430,11030,11950,12850,13790,16200,18520,20800,23440,23860,22040,22290,23590,25660,26980,28160,28720,29330,30300,32750,33830,32930,34980
Kuwait,KWT,"GNI per capita, Atlas method (current US$)",NY.GNP.PCAP.CD,,,,,,,,,,,,,,,,,,,,,,,,,,,,,,,,,,,,20520,20870,21480,19680,16870,17980,18660,18930,22600,28510,35220,42300,47580,51710,45000,42490,43790,49690,53060,51000,41820,35330,31400,33710,36200,,
Latin America & Caribbean (excluding high income),LAC,"GNI per capita, Atlas method (current US$)",NY.GNP.PCAP.CD,,,,,,,448.4343374,463.3910061,497.5629809,531.251818,562.3758257,616.8932084,679.5560709,825.6731059,1057.504676,1248.823424,1327.765739,1360.98877,1476.309917,1733.394838,2010.81584,2164.522258,2058.183964,1809.651383,1726.426362,1632.459445,1657.573867,1763.366476,1892.953081,1957.20323,2064.293877,2311.600659,2618.835165,2873.583966,3278.661668,3498.87738,3905.160921,4225.226765,4218.302984,3982.710123,4021.117314,3870.583305,3639.132139,3648.377931,3924.60356,4375.629722,5031.185319,5859.041398,6735.588395,6874.042047,7619.213076,8458.285803,9346.891732,9790.255992,9612.903022,8783.01418,8047.03032,7911.645498,8188.055641,8253.940812,7174.322013,7537.332858
Lao PDR,LAO,"GNI per capita, Atlas method (current US$)",NY.GNP.PCAP.CD,,,,,,,,,,,,,,,,,,,,,,,,,,,550,430,250,210,190,210,250,280,310,350,380,370,310,290,280,310,320,340,390,460,510,620,750,890,1000,1140,1370,1610,1830,1980,2130,2260,2490,2540,2490,2520
Lebanon,LBN,"GNI per capita, Atlas method (current US$)",NY.GNP.PCAP.CD,,,,,,,,,,,,,,,,,,,,,,,,,,,,,,,1310,1700,1920,2220,2610,3160,3720,4000,4250,4490,4600,4460,4200,3790,4730,4890,4860,5410,6060,6870,7470,7560,7560,7650,7540,7290,7220,7460,7590,7280,4660,3450
Liberia,LBR,"GNI per capita, Atlas method (current US$)",NY.GNP.PCAP.CD,,,,,,,,,,,,,,,,,,,,,,,,,,,,,,,,,,,,,,,,,,,250,180,210,250,290,330,390,430,460,520,570,650,650,650,640,640,630,610,600,620
Libya,LBY,"GNI per capita, Atlas method (current US$)",NY.GNP.PCAP.CD,,,,,,,,,,,,,,,,,,,,,,,,,,,,,,,,,,,,,,,,,,,5170,5160,5140,6860,8840,11140,12650,11560,12230,6110,12900,11470,9070,8380,7730,9900,11180,10200,7740,8430
St. Lucia,LCA,"GNI per capita, Atlas method (current US$)",NY.GNP.PCAP.CD,,,,,,,,,,,,,,,,,,,,,,,1530,1510,1660,1940,2500,2830,3330,3570,3730,3850,4400,4420,4510,4650,4850,4760,4930,5150,5250,4990,5010,5370,6000,6230,7260,7500,8090,8020,8170,8820,8850,8790,8840,8740,9430,10060,10720,10840,8910,9680
Latin America & Caribbean,LCN,"GNI per capita, Atlas method (current US$)",NY.GNP.PCAP.CD,,,,,,,488.7850207,503.3793791,538.3965326,573.2749019,610.0684354,668.8702764,735.0140019,889.085779,1129.746059,1308.840426,1388.429205,1427.754654,1557.226985,1831.840598,2131.357283,2318.058045,2202.978794,1941.070533,1852.517089,1759.773955,1792.627294,1892.103988,2023.648599,2053.644828,2159.615491,2397.15126,2708.746254,2953.575134,3330.273129,3571.831705,3969.57507,4299.61674,4292.76163,4087.87129,4155.00332,4033.865535,3784.206578,3775.558891,4094.053791,4583.729618,5277.11193,6154.318822,7088.00071,7262.053646,8040.845813,8856.322163,9782.41362,10195.98444,10083.0813,9122.300935,8407.500103,8295.670585,8626.964248,8722.619346,7601.106134,8023.875617
Least developed countries: UN classification,LDC,"GNI per capita, Atlas method (current US$)",NY.GNP.PCAP.CD,,,,,,,,,,,,,,,,,,,,,,,,,,228.330129,251.6993107,281.8494208,303.8692957,317.3345187,324.8761552,344.3636149,294.1715964,276.5933726,249.6723261,261.9956798,273.9212201,288.7010579,286.9126128,288.4026555,299.0685886,305.9129455,317.6478995,341.2142209,391.9392193,445.3051336,496.8830801,568.0780139,659.2125035,721.8576135,776.700241,833.410119,907.5646261,983.5503913,1031.521073,1010.668357,996.1609904,1030.718289,1074.995316,1120.982362,1103.37134,1161.418926
Low income,LIC,"GNI per capita, Atlas method (current US$)",NY.GNP.PCAP.CD,,,,,,,,,,,,,,,,,,,,,,,,,,,,,567.2884751,588.4865474,606.0976619,657.6133265,519.2256845,468.4571206,398.4421019,400.7283321,404.4951908,417.3420685,402.3644383,395.8739189,399.5994133,417.8638085,440.0229936,477.2608413,545.2881608,612.1142797,691.1086953,792.8149584,915.0026974,1006.747818,1073.253284,887.5707585,781.5726391,758.1343486,782.4268401,759.8100463,748.2717418,759.0618805,716.8524119,719.1025791,688.9353361,721.6215615
Liechtenstein,LIE,"GNI per capita, Atlas method (current US$)",NY.GNP.PCAP.CD,,,,,,,,,,,,,5120,6500,8210,10150,11190,12370,14760,18510,22610,22620,20320,18770,19020,19730,22870,31170,41490,43620,45470,47570,54350,56680,62010,70050,78570,80150,77660,78660,78870,68260,65050,68450,78700,92710,104050,112190,121900,116440,,,,,,,,,,,,
Sri Lanka,LKA,"GNI per capita, Atlas method (current US$)",NY.GNP.PCAP.CD,,,,130,130,130,150,170,160,170,170,170,180,210,250,270,260,260,240,260,280,300,310,310,330,370,410,430,460,440,460,490,550,600,640,690,740,800,820,840,870,830,840,940,1060,1210,1360,1550,1790,2010,2410,2850,3360,3490,3640,3760,3810,3870,4040,4010,3720,3820
Lower middle income,LMC,"GNI per capita, Atlas method (current US$)",NY.GNP.PCAP.CD,,,,,,,,113.4630102,114.4126109,123.811962,133.5919281,140.1257312,150.7272636,175.6039895,218.9971671,263.0305325,289.1817411,303.9757825,329.9834403,371.9668415,430.1684189,478.2393921,508.0353565,509.4032179,486.974259,493.5898325,513.7246657,541.9618922,556.3967443,534.4275756,529.1696927,506.9928085,510.0029373,494.9215594,509.9818887,547.664088,600.3758349,623.5365462,585.2204015,588.7585697,595.667441,618.6835593,633.6972337,697.8343051,810.2067932,925.7716248,1046.381121,1214.933137,1394.085503,1518.026151,1668.818534,1843.958241,2058.834039,2165.807639,2206.57254,2159.11492,2166.866292,2219.500863,2356.280048,2428.430444,2280.682844,2484.950809
Low & middle income,LMY,"GNI per capita, Atlas method (current US$)",NY.GNP.PCAP.CD,,,133.0806672,143.2687041,157.3255157,171.1093734,179.0370411,179.4911412,184.1234393,200.3294216,216.9394203,229.289094,247.1513646,294.986231,365.7673979,433.2174085,455.3451217,473.3952387,508.65094,583.0073767,667.3762415,719.9430583,714.2976411,676.3198476,663.1412232,665.3438881,692.7614545,741.544135,784.5457262,783.0660539,821.8430854,821.2654778,858.3265011,880.6238206,926.9211371,995.4156953,1096.405995,1167.540035,1129.280276,1109.059689,1142.96403,1151.027925,1170.012237,1271.574499,1477.29114,1715.827529,1987.545095,2346.201349,2755.632004,2965.572789,3310.045065,3668.243489,4148.649253,4485.134827,4629.527633,4506.503152,4414.136585,4497.776412,4806.56246,5035.944348,4844.836147,5297.556222
Lesotho,LSO,"GNI per capita, Atlas method (current US$)",NY.GNP.PCAP.CD,,,,,,,80,80,80,80,90,90,100,150,220,230,280,310,340,400,440,510,610,540,490,410,390,420,500,520,550,580,650,660,680,690,700,690,620,610,580,640,590,670,810,1020,1130,1300,1290,1190,1270,1360,1500,1460,1350,1310,1270,1190,1230,1330,1210,1270
Late-demographic dividend,LTE,"GNI per capita, Atlas method (current US$)",NY.GNP.PCAP.CD,,,,,,,200.047269,197.2524445,201.7472836,223.8274608,249.1547487,265.6865043,290.6775601,350.9065202,422.4862295,484.6338564,498.384417,531.824663,579.8515717,668.1978739,744.5575265,767.0068996,747.4314643,696.4257779,713.0596393,718.6295666,768.9173042,828.335323,908.7347471,953.0262163,982.6341096,1059.58634,1083.7447,1107.921905,1184.209856,1349.911146,1560.705732,1710.199228,1661.278172,1596.329184,1633.009185,1642.631648,1720.18055,1916.034828,2274.066999,2688.780352,3188.883585,3874.735238,4697.725103,5132.790581,5768.621143,6501.716379,7474.054127,8268.559638,8670.561461,8494.837037,8337.241078,8543.541496,9337.938534,10006.04766,9876.29896,10896.81501
Lithuania,LTU,"GNI per capita, Atlas method (current US$)",NY.GNP.PCAP.CD,,,,,,,,,,,,,,,,,,,,,,,,,,,,,,,,,,,,,,2600,2860,2980,3210,3450,3820,4700,6010,7560,8800,10600,12680,12460,12570,13320,14100,15340,16070,15190,14890,15280,17470,19060,19620,21610
Luxembourg,LUX,"GNI per capita, Atlas method (current US$)",NY.GNP.PCAP.CD,,,1630,1680,1870,1920,2020,2070,2240,2560,3220,3440,4050,5200,6850,7890,8470,9030,10600,12870,15390,15400,14850,13410,12990,13050,15520,19980,25870,28540,31330,35170,38990,40050,41330,45760,48560,49360,46350,46520,45690,45000,42520,46050,62680,73180,71370,85730,86000,70650,77640,79210,87950,85160,86760,73530,73730,75800,79540,77110,81110,
Latvia,LVA,"GNI per capita, Atlas method (current US$)",NY.GNP.PCAP.CD,,,,,,,,,,,,,,,,,,,,,,,,,,,,,,,,,,,,,,2720,2870,2990,3320,3600,3940,4670,5830,7390,8930,11230,13530,14120,12650,12740,13800,14850,15340,15110,14800,14870,16550,17810,17900,19370
"Macao SAR, China",MAC,"GNI per capita, Atlas method (current US$)",NY.GNP.PCAP.CD,,,,,,,,,,,,,,,,,,,,,,,,,4770,4600,5220,6510,7490,8080,8980,9990,12570,14310,16030,17430,17490,17330,15700,14640,14720,15760,16290,17840,22220,23950,26190,34150,33780,36100,45260,54490,60790,69510,72140,62090,63710,69950,76460,75820,46730,
St. Martin (French part),MAF,"GNI per capita, Atlas method (current US$)",NY.GNP.PCAP.CD,,,,,,,,,,,,,,,,,,,,,,,,,,,,,,,,,,,,,,,,,,,,,,,,,,,,,,,,,,,,,,
Morocco,MAR,"GNI per capita, Atlas method (current US$)",NY.GNP.PCAP.CD,,,,,,,,,220,240,250,270,290,350,440,540,580,600,650,780,980,960,940,790,730,680,770,860,1080,1110,1160,1240,1270,1230,1350,1300,1510,1460,1460,1410,1390,1400,1370,1540,1830,2070,2240,2380,2700,2880,2930,3000,2980,3090,3060,3020,2880,2880,3090,3200,3020,3350
Monaco,MCO,"GNI per capita, Atlas method (current US$)",NY.GNP.PCAP.CD,,,,,,,,,,,,,,,,,,,,,,,,,,,,,,,,,,,,,,,,,,,,,,,,,,,,,,,,,,,,,,
Moldova,MDA,"GNI per capita, Atlas method (current US$)",NY.GNP.PCAP.CD,,,,,,,,,,,,,,,,,,,,,,,,,,,,,,,,,,,,,,630,580,510,490,500,590,710,910,1120,1280,1440,1870,1950,2380,2730,3140,3620,3740,3300,3180,3330,3920,4580,4520,5460
Madagascar,MDG,"GNI per capita, Atlas method (current US$)",NY.GNP.PCAP.CD,,,130,130,140,140,150,160,170,170,180,180,190,210,260,310,300,310,310,390,500,510,520,480,430,400,400,370,340,300,310,280,290,290,290,280,300,300,300,280,290,300,280,340,340,340,330,380,450,470,470,480,500,520,520,490,470,470,500,520,470,500
Maldives,MDV,"GNI per capita, Atlas method (current US$)",NY.GNP.PCAP.CD,,,,,,,,,,,,,,,,,,,,,,,,,,,,,,,,,,,,,,1760,1860,1980,2070,2240,2620,3400,3770,3460,4540,4480,5420,5460,5960,6590,6630,6800,7320,7650,8070,8600,9210,9640,6450,8400
Middle East & North Africa,MEA,"GNI per capita, Atlas method (current US$)",NY.GNP.PCAP.CD,,,,,,,,,,,,,,,,,,,,,,,,,,,,,,,,,,,,2476.034909,2712.247749,2884.459388,2897.827205,2898.353075,3062.505693,3170.050455,3137.29889,3359.36109,3856.537953,4382.26591,5019.364388,5780.484634,6719.584507,6953.132301,7402.155114,7613.383976,8427.379128,8814.425187,8767.823948,8090.313665,7683.85857,7312.539677,7522.818406,7644.572639,7048.901541,
Mexico,MEX,"GNI per capita, Atlas method (current US$)",NY.GNP.PCAP.CD,,,360,390,440,480,510,560,610,640,680,730,820,990,1210,1460,1540,1480,1590,1890,2560,3270,3000,2400,2200,2270,2080,2040,2090,2370,2790,3250,3770,4490,5310,4790,4620,4660,5000,5510,6210,6740,7100,7360,7820,8050,8690,9250,9780,8820,9040,9310,10050,10270,10500,10160,9390,8920,9180,9470,8530,9380
Marshall Islands,MHL,"GNI per capita, Atlas method (current US$)",NY.GNP.PCAP.CD,,,,,,,,,,,,,,,,,,,,,,,,,,,,,,,,,,,,3070,2690,2590,2690,2830,2960,3110,3100,3130,3280,3440,3310,3450,3280,3470,3550,3570,3470,3880,4040,4290,4250,4440,4840,5050,4940,5050
Middle income,MIC,"GNI per capita, Atlas method (current US$)",NY.GNP.PCAP.CD,,,135.9073113,146.5953644,161.3198773,175.5037917,183.7704992,184.0542537,188.7455047,205.5846688,222.7438931,235.5805871,254.1467121,303.7328085,376.631428,446.1513476,469.0222581,487.6758134,524.4935766,601.5452513,688.8242695,743.7617552,738.9237037,700.6649636,688.0227459,690.8723717,718.7235112,768.415203,812.4580613,810.4673415,851.3701442,849.3800874,893.3689709,919.4133898,971.8560497,1045.593176,1154.059201,1230.447488,1191.149876,1170.813136,1208.093408,1216.41359,1236.327583,1344.941872,1564.755987,1820.963968,2112.983592,2498.860463,2939.425762,3164.631914,3540.505306,3956.472263,4501.231303,4880.2605,5043.028372,4914.936359,4819.582712,4917.351586,5272.176875,5535.197097,5333.593711,5844.885597
North Macedonia,MKD,"GNI per capita, Atlas method (current US$)",NY.GNP.PCAP.CD,,,,,,,,,,,,,,,,,,,,,,,,,,,,,,,,,1750,1460,1400,1790,2190,2220,2010,1910,1920,1820,1850,2110,2590,3020,3350,3620,4370,4650,4740,4840,4770,5030,5220,5130,5000,4940,5500,5890,5690,6130
Mali,MLI,"GNI per capita, Atlas method (current US$)",NY.GNP.PCAP.CD,,,,,,,,,,60,60,70,80,90,100,120,140,160,170,220,250,240,200,170,160,180,200,240,290,290,290,320,330,320,280,270,270,280,280,290,280,300,290,350,400,460,500,530,610,660,700,730,730,780,810,800,780,770,830,860,830,870
Malta,MLT,"GNI per capita, Atlas method (current US$)",NY.GNP.PCAP.CD,,,,,,,,,,,,,1090,1260,1560,1990,2120,2320,2660,3300,4280,4670,4550,3940,3830,3690,4000,4930,6260,6910,7600,7940,8720,8570,8600,9250,10010,10530,10260,10710,11400,10950,10710,12170,14100,15660,16350,17580,20410,20310,21370,22120,22160,23370,24560,25230,23440,24710,27950,29330,26410,30560
Myanmar,MMR,"GNI per capita, Atlas method (current US$)",NY.GNP.PCAP.CD,,,,30,30,20,20,10,10,20,20,20,20,20,30,40,40,40,30,30,30,30,30,30,40,30,40,40,40,40,40,40,50,60,70,90,120,130,120,120,130,140,130,150,170,200,230,270,350,460,620,800,990,1160,1210,1170,1200,1180,1220,1270,1340,1140
Middle East & North Africa (excluding high income),MNA,"GNI per capita, Atlas method (current US$)",NY.GNP.PCAP.CD,,,,,,,,,,,,,,,,,,,,,,,,,,,,,,,,,,,,1270.462165,1460.164663,1588.280133,1638.246179,1696.117866,1775.093558,1831.216982,1814.347566,1892.297296,2144.621822,2420.036124,2761.028312,3236.896553,3802.704895,4156.962952,4519.002275,4371.811766,4720.809869,4765.697342,4611.020291,4163.418625,4063.738616,3878.911772,3770.905868,3631.995966,3250.869048,3460.614053
Montenegro,MNE,"GNI per capita, Atlas method (current US$)",NY.GNP.PCAP.CD,,,,,,,,,,,,,,,,,,,,,,,,,,,,,,,,,,,,,,,,,,,1970,2440,3100,3660,4320,5120,6470,6740,6920,7260,7000,7330,7320,7260,7090,7410,8450,9140,7910,9300
Mongolia,MNG,"GNI per capita, Atlas method (current US$)",NY.GNP.PCAP.CD,,,,,,,,,,,,,,,,,,,,,,,,1440,1320,1230,1350,1520,1690,1590,1430,1200,810,510,430,460,550,580,520,480,470,480,530,610,760,900,1120,1410,1800,1790,2000,2590,3650,4330,4210,3800,3490,3240,3690,3850,3740,3760
Northern Mariana Islands,MNP,"GNI per capita, Atlas method (current US$)",NY.GNP.PCAP.CD,,,,,,,,,,,,,,,,,,,,,,,,,,,,,,,,,,,,,,,,,,,,,,,,,,,,,,,,,,,,,,
Mozambique,MOZ,"GNI per capita, Atlas method (current US$)",NY.GNP.PCAP.CD,,,,,,,,,,,,,,,,,,,,,,,,,,,,,,,,,,210,190,190,210,250,290,330,320,320,290,320,360,400,420,460,500,540,520,540,600,670,690,640,530,470,460,490,470,480
Mauritania,MRT,"GNI per capita, Atlas method (current US$)",NY.GNP.PCAP.CD,,,,180,230,260,260,270,290,280,290,280,290,340,480,510,540,550,570,640,710,720,670,640,610,580,610,670,740,760,730,810,920,970,870,900,970,870,830,820,730,650,650,710,800,940,1140,1220,1380,1450,1500,1600,1760,1850,1750,1640,1510,1530,1640,1720,1670,1730
Mauritius,MUS,"GNI per capita, Atlas method (current US$)",NY.GNP.PCAP.CD,,,,,,,,,,,,,,,,,,,1010,1220,1240,1280,1190,1070,1030,1060,1250,1620,2060,2220,2430,2620,2990,3120,3230,3470,3780,3900,3780,3660,3900,3970,3960,4410,5170,5600,5930,6490,7400,7800,8080,8400,9550,10520,10820,10700,10640,10980,12270,12840,10230,10860
Malawi,MWI,"GNI per capita, Atlas method (current US$)",NY.GNP.PCAP.CD,,,50,50,50,50,60,60,60,60,60,70,80,90,110,130,130,130,150,170,190,190,180,170,170,160,150,150,160,160,180,210,200,220,160,160,170,200,200,180,160,140,170,220,300,300,310,330,370,410,450,490,460,410,370,350,340,380,440,560,590,630
Malaysia,MYS,"GNI per capita, Atlas method (current US$)",NY.GNP.PCAP.CD,,,240,250,270,300,320,330,340,350,370,390,440,570,750,860,920,970,1130,1450,1790,1930,1860,1810,1950,1920,1860,1960,2140,2260,2400,2560,2880,3230,3600,4050,4500,4620,3640,3380,3460,3550,3790,4160,4740,5270,5840,6630,7510,7600,8260,9050,10180,10840,11140,10680,10150,9950,10650,11260,10570,10930
North America,NAC,"GNI per capita, Atlas method (current US$)",NY.GNP.PCAP.CD,,,3189.34442,3317.376073,3503.374007,3762.579085,4066.726153,4235.182755,4594.841595,4911.410001,5065.494295,5435.257407,6066.807538,7043.264742,7711.382539,8213.85457,8648.489079,9256.418457,10385.22137,11773.43964,12912.81651,13852.95348,13709.6463,14045.77313,15624.23363,16835.50521,18419.43782,20615.32881,22630.37811,22875.25762,23149.11095,23355.35523,24713.20001,25399.87621,26624.03079,27959.19189,29148.8144,30122.51913,30861.79067,32460.80051,34659.09001,35368.31444,35967.3915,38396.11658,42180.81622,45069.36633,46926.17598,47980.88109,48768.66932,47420.15414,48694.27735,50293.24251,52633.04277,53881.18871,55444.96584,55719.48504,55812.99154,57603.16086,61625.51757,63981.25536,62025.20385,68151.58349
Namibia,NAM,"GNI per capita, Atlas method (current US$)",NY.GNP.PCAP.CD,,,,,,,,,,,,,,,,,,,,,,,1980,1840,1670,1320,1340,1600,1690,1850,1990,2150,2300,2200,2270,2460,2510,2500,2370,2240,2240,2090,2010,2280,2900,3530,4030,4230,4320,4250,4500,5130,5730,5950,5790,5310,4740,4620,4920,5170,4550,4550
New Caledonia,NCL,"GNI per capita, Atlas method (current US$)",NY.GNP.PCAP.CD,,,,,,,,1830,2160,2520,3220,3420,3780,4000,5280,6400,6440,6580,6980,6900,7980,7940,7160,5920,5480,5510,6170,8070,13270,14540,14760,15200,16070,15880,16320,17720,18240,17810,14520,13650,13210,,,,,,,,,,,,,,,,,,,,,
Niger,NER,"GNI per capita, Atlas method (current US$)",NY.GNP.PCAP.CD,,,150,160,160,170,170,170,160,150,150,160,150,160,210,230,220,230,280,350,410,390,360,290,210,220,250,270,330,320,340,360,420,390,300,260,240,240,250,240,220,220,220,250,280,330,360,380,440,480,520,520,550,570,590,560,530,520,570,590,550,590
Nigeria,NGA,"GNI per capita, Atlas method (current US$)",NY.GNP.PCAP.CD,,,100,110,110,110,110,100,100,120,170,180,200,220,340,400,510,560,560,640,760,970,1260,1450,1130,970,790,710,680,550,560,510,510,360,310,310,390,440,440,460,470,530,630,710,870,1030,1350,1610,1970,2050,2150,2180,2440,2690,2940,2820,2430,2090,1960,2030,2000,2100
Nicaragua,NIC,"GNI per capita, Atlas method (current US$)",NY.GNP.PCAP.CD,,,140,150,160,200,230,290,290,310,310,320,330,380,510,570,600,680,650,500,600,660,680,680,700,690,750,860,680,360,310,220,240,290,450,610,880,880,880,930,960,970,960,1000,1080,1160,1200,1290,1390,1380,1460,1570,1670,1740,1830,1890,1960,2030,1970,1890,1770,2010
Netherlands,NLD,"GNI per capita, Atlas method (current US$)",NY.GNP.PCAP.CD,,,1220,1310,1460,1700,1840,2000,2230,2550,2890,3290,3850,5070,6370,7630,8350,9100,10460,12760,14830,14000,12350,11070,10730,10330,11690,14720,18570,19540,20320,21280,23520,24040,25370,27690,29750,29800,28260,28670,28840,27420,27090,31030,37390,42110,45950,49150,52770,53840,54070,54590,52980,52980,52000,49850,46930,47160,51320,53230,51070,56370
Norway,NOR,"GNI per capita, Atlas method (current US$)",NY.GNP.PCAP.CD,,,1610,1710,1860,2050,2240,2470,2630,2850,3120,3570,4230,5320,6750,8380,9150,9960,11110,13110,15650,16410,15750,14930,15140,15710,17550,20830,23970,25080,26500,27820,30780,30210,30850,32690,35790,37910,36100,35540,36540,38220,39890,44750,54140,63830,70020,78470,87470,87830,88490,90330,99110,104190,104370,92910,81370,75650,80320,81670,77880,84090
Nepal,NPL,"GNI per capita, Atlas method (current US$)",NY.GNP.PCAP.CD,,,50,50,50,50,70,80,70,70,70,70,80,80,100,110,120,120,120,130,140,160,150,140,160,160,170,180,200,210,210,210,200,190,200,200,210,220,210,220,230,240,240,260,280,310,340,370,430,480,540,630,770,860,880,890,880,990,1120,1230,1190,1230
Nauru,NRU,"GNI per capita, Atlas method (current US$)",NY.GNP.PCAP.CD,,,,,,,,,,,,,,,,,,,,,,,,,,,,,,,,,,,,,,,,,,,,,,,,,,,,,8870,13000,14920,13690,12720,12310,14500,16230,17330,19470
New Zealand,NZL,"GNI per capita, Atlas method (current US$)",NY.GNP.PCAP.CD,,,,,,,,,,,,,,,,,,,,6530,7670,8240,7860,7370,7010,6950,7860,10010,12550,13570,13640,12160,12050,12360,13400,15280,16730,17160,15790,15040,14080,13810,14170,16960,21500,25440,26400,28150,28630,29690,29680,32230,36700,39930,41680,40660,39440,38870,41650,43050,41480,45340
OECD members,OED,"GNI per capita, Atlas method (current US$)",NY.GNP.PCAP.CD,,,1446.132347,1531.61541,1646.103532,1781.673852,1938.417612,2057.711418,2251.082987,2444.426894,2587.931142,2811.93594,3212.315447,3917.938464,4566.030001,5099.743449,5377.058131,5751.878213,6563.368563,7864.442885,9071.195016,9434.367445,8957.73991,8554.808218,8843.612817,9253.463227,10401.44654,12463.213,15137.86367,15930.71005,16664.73705,17318.9646,18797.38723,19272.24691,20295.52946,21610.33115,22639.94593,22716.79383,21891.06456,22166.12918,23136.1757,23103.6126,22973.16886,24704.16835,28159.74962,30987.67556,32498.24472,33757.4497,35177.43194,34540.79789,35473.09328,36599.49388,37738.36002,38375.65903,38464.31323,37337.1129,36463.69132,36635.28812,39044.22679,40249.55687,38601.26724,42094.87088
Oman,OMN,"GNI per capita, Atlas method (current US$)",NY.GNP.PCAP.CD,,,,,,,,160,230,280,320,330,360,310,700,1510,2770,2720,2650,3070,3960,5480,6210,6160,6320,6560,5930,5390,5210,5660,5710,6040,6510,6280,6160,6270,6470,6810,6530,6370,7070,7830,8000,8290,9410,10690,12660,14560,17430,17740,16080,18620,22270,23340,21920,20160,18190,16130,16370,16430,15030,
Other small states,OSS,"GNI per capita, Atlas method (current US$)",NY.GNP.PCAP.CD,,,,,,,,,,,,,,,,,,,,,,,,,,,,,,,,,,,,,,,,,,,4213.385609,4713.573244,5714.596934,6865.739211,8308.358301,9776.27494,11187.31477,11028.34555,11517.46925,12467.55631,13792.6126,14874.34532,15086.96311,14067.41992,12934.41702,12241.04944,12985.80441,13593.49132,12380.55709,12935.34826
Pakistan,PAK,"GNI per capita, Atlas method (current US$)",NY.GNP.PCAP.CD,,,90,100,100,110,120,130,150,160,170,180,170,150,150,160,180,200,240,270,320,350,360,350,350,340,360,370,400,400,400,400,430,440,440,470,480,470,450,440,480,510,530,570,660,740,800,860,920,950,970,1030,1120,1210,1230,1260,1360,1490,1670,1620,1460,1500
Panama,PAN,"GNI per capita, Atlas method (current US$)",NY.GNP.PCAP.CD,,,490,530,550,590,630,670,710,770,810,890,960,1090,1220,1370,1350,1550,1790,2020,2260,2470,2630,2540,2570,2840,2910,3260,2750,2560,2640,2730,3010,3240,3410,3410,3570,3610,3680,3750,3880,3830,3940,4040,4460,4790,5100,5770,6540,6900,7260,8550,9540,10630,11190,12200,12780,13750,14490,14920,12420,14010
Peru,PER,"GNI per capita, Atlas method (current US$)",NY.GNP.PCAP.CD,,,290,300,340,380,450,490,470,480,500,560,630,740,930,1080,1070,1020,870,910,1020,1170,1130,920,890,840,830,950,790,790,840,1220,1420,1550,1760,1950,2150,2280,2150,2030,1970,1900,1960,2080,2280,2540,2810,3210,3790,3970,4410,4970,5790,6420,6530,6340,6110,6060,6480,6840,6060,6520
Philippines,PHL,"GNI per capita, Atlas method (current US$)",NY.GNP.PCAP.CD,,,250,220,190,210,220,230,250,270,250,250,250,300,360,430,480,510,570,670,790,850,840,770,660,590,620,690,750,800,830,830,880,930,1050,1160,1320,1390,1310,1250,1180,1170,1130,1170,1290,1380,1490,1720,2010,2170,2370,2520,2860,3160,3330,3380,3450,3530,3710,3850,3430,3640
Palau,PLW,"GNI per capita, Atlas method (current US$)",NY.GNP.PCAP.CD,,,,,,,,,,,,,,,,,,,,,,,,,,,,,,,,,,,,,,,,,,,9200,8810,9420,10350,10830,11780,11800,11090,11400,12270,12760,12870,14150,15860,16720,16540,17380,16710,14390,
Papua New Guinea,PNG,"GNI per capita, Atlas method (current US$)",NY.GNP.PCAP.CD,,,110,120,120,140,150,160,180,200,220,240,270,350,440,490,470,470,570,640,710,720,650,610,600,610,640,690,790,800,740,790,840,980,1030,950,930,850,720,630,570,510,480,470,540,650,790,1070,1400,1510,1740,1820,2270,2500,2990,2860,2710,2590,2600,2720,2720,2790
Poland,POL,"GNI per capita, Atlas method (current US$)",NY.GNP.PCAP.CD,,,,,,,,,,,,,,,,,,,,,,,,,,,,,,,,,2080,2480,2760,3250,3840,4240,4360,4440,4670,4710,4900,5500,6250,7340,8460,9940,11980,12500,12740,12890,13160,13390,13560,13310,12720,12730,14150,15360,15260,16670
Pre-demographic dividend,PRE,"GNI per capita, Atlas method (current US$)",NY.GNP.PCAP.CD,,,,,,,,,,,,,,,,,,,,,647.6004505,693.0767049,732.935319,718.2700834,624.0767179,591.8598178,580.2511135,609.4648084,635.6251243,611.926252,766.2063919,443.9896285,386.9388805,327.2868616,288.7882433,300.2418297,327.7851928,371.8108922,380.0438986,398.5036396,415.2790179,436.0241773,457.5790132,475.1361547,585.8675709,677.6610367,819.3351742,971.8906829,1185.615038,1264.481788,1330.885591,1384.525917,1548.522059,1684.097792,1777.495817,1665.988911,1500.347194,1377.178561,1354.749854,1414.450454,1342.474228,1396.908979
Puerto Rico,PRI,"GNI per capita, Atlas method (current US$)",NY.GNP.PCAP.CD,,,820,900,960,1060,1160,1240,1370,1560,1750,1910,2100,2380,2590,2660,2650,2740,2980,3390,3720,3890,3770,3670,3970,4280,4750,5350,5860,6050,5950,6300,6760,7100,7370,7820,8130,8510,8690,9590,10550,10950,11250,12170,14260,14750,15030,15860,16360,16580,16920,17670,18680,19170,19280,19420,19710,20000,21080,22060,21160,
"Korea, Dem. People's Rep.",PRK,"GNI per capita, Atlas method (current US$)",NY.GNP.PCAP.CD,,,,,,,,,,,,,,,,,,,,,,,,,,,,,,,,,,,,,,,,,,,,,,,,,,,,,,,,,,,,,,
Portugal,PRT,"GNI per capita, Atlas method (current US$)",NY.GNP.PCAP.CD,,,410,430,470,520,570,640,730,790,950,1070,1270,1700,2070,2210,2330,2430,2530,2870,3350,3420,3230,2830,2520,2530,3080,4160,5630,6320,7130,8180,9860,10100,10450,11210,12100,12370,12190,12260,12180,11850,11780,13290,16190,18600,19410,20860,22640,22990,23030,22770,21170,21380,21200,20460,19940,20060,22060,23200,21810,23730
Paraguay,PRY,"GNI per capita, Atlas method (current US$)",NY.GNP.PCAP.CD,,,,,,,,,,,,,,,,,,,,,,,,,,,,,,,,,,,,1680,1840,1840,1730,1600,1440,1410,1330,1230,1350,1520,1840,2320,3070,3440,4050,4440,4750,5500,5800,5640,5420,5370,5600,5510,5150,5340
West Bank and Gaza,PSE,"GNI per capita, Atlas method (current US$)",NY.GNP.PCAP.CD,,,,,,,,,,,,,,,,,,,,,,,,,,,,,,,,,,,,,1470,1630,1780,1800,1550,1370,1190,1370,1640,1780,1710,1790,2040,2250,2510,2880,3210,3470,3560,3670,3900,3930,4190,4270,3700,4220
Pacific island small states,PSS,"GNI per capita, Atlas method (current US$)",NY.GNP.PCAP.CD,,,,,,,,,,,,,,,,,,,,,,,1461.192384,1312.92445,1351.686941,1290.746349,1406.562542,1397.13283,1434.370436,1447.271122,1475.440676,1480.117126,1641.661679,1716.275487,1848.903747,2043.657193,2177.637158,2132.341714,1980.908298,1984.759039,1889.187279,1825.210837,1789.081398,1920.477511,2250.468966,2578.809245,2653.732805,2802.430823,2981.059308,2966.877077,2962.851786,3114.828608,3350.956772,3730.213792,3874.049769,3903.555125,3936.700678,3997.100027,4294.994987,4354.043358,3940.113981,3866.355821
Post-demographic dividend,PST,"GNI per capita, Atlas method (current US$)",NY.GNP.PCAP.CD,,,1514.613381,1606.120309,1728.050334,1874.251131,2043.008411,2173.597451,2381.70123,2593.554633,2751.847655,2998.136404,3436.766969,4204.276553,4900.414951,5480.853128,5790.074343,6218.389955,7117.882673,8541.997182,9850.86596,10221.89497,9754.044172,9384.662849,9762.356158,10246.63371,11590.41448,13959.43973,17038.41729,17951.57971,18760.26676,19485.13323,21143.2217,21634.58195,22799.93495,24395.93745,25624.21028,25739.42264,24752.41883,25075.50333,26140.34916,26152.13981,26010.63471,28047.10986,32029.87408,35256.12055,36934.11938,38308.10311,39878.60169,39253.84498,40371.8409,41709.53324,42985.26935,43725.72178,43847.14105,42621.73419,41825.61306,42229.53654,45183.06221,46718.76384,44947.56935,49101.46294
French Polynesia,PYF,"GNI per capita, Atlas method (current US$)",NY.GNP.PCAP.CD,,,,,,,,2090,2520,2430,2400,2640,2660,3320,4580,5100,5590,5890,6760,7980,9140,9600,9130,8190,8030,8340,10250,13000,15360,14940,15270,16030,17260,16900,16990,17420,17780,17250,16660,16170,15770,,,,,,,,,,,,,,,,,,,,,
Qatar,QAT,"GNI per capita, Atlas method (current US$)",NY.GNP.PCAP.CD,,,,,,,,,,,,,,,,,,,,,,,,,,,,,,,,,,,,,,,,,,,28400,30680,36160,38260,50810,58030,65580,61250,63620,66950,72880,79390,80890,73440,64550,56920,58830,61180,55920,57120
Romania,ROU,"GNI per capita, Atlas method (current US$)",NY.GNP.PCAP.CD,,,,,,,,,,,,,,,,,,,,,,,,,,,,,,,,,1250,1190,1270,1490,1640,1590,1580,1610,1710,1760,1950,2250,2960,3880,4900,6390,8800,9220,8640,8650,8760,9320,9700,9600,9620,10110,11430,12620,12630,14170
Russian Federation,RUS,"GNI per capita, Atlas method (current US$)",NY.GNP.PCAP.CD,,,,,,,,,,,,,,,,,,,,,,,,,,,,,,,,3440,3090,2920,2650,2640,2600,2650,2130,1750,1710,1780,2100,2590,3410,4450,5810,7560,9580,9230,9980,11060,13490,15190,14630,11780,9730,9210,10250,11280,10740,11600
Rwanda,RWA,"GNI per capita, Atlas method (current US$)",NY.GNP.PCAP.CD,,,40,40,40,40,40,50,50,50,60,60,60,70,80,100,130,160,180,230,270,280,270,260,250,260,290,320,350,350,350,320,340,310,150,210,220,260,260,280,280,270,260,250,270,320,360,410,490,550,600,650,700,720,740,750,740,730,780,830,770,850
South Asia,SAS,"GNI per capita, Atlas method (current US$)",NY.GNP.PCAP.CD,,,86.67007333,93.94338258,104.5573201,109.3364173,105.3867012,106.5779551,103.9893741,111.3508487,117.9768027,121.910236,125.7760168,141.9904439,164.5313427,187.6632495,181.7408344,184.7023146,203.5325518,222.2435622,267.0370635,293.2105749,287.2689077,281.2271145,279.3328431,288.9452084,308.4952764,343.5478911,381.4905657,378.8994634,375.4332216,347.96957,349.6992977,335.4132921,349.2870977,374.6799004,406.156498,414.1441477,415.4534237,435.8302326,445.1181333,454.6641788,461.4236119,513.9346402,599.6635202,688.3237958,762.1352639,871.0119294,949.1916181,1053.015501,1147.126143,1277.123634,1390.220222,1437.08943,1480.672585,1525.617811,1614.615666,1758.409373,1951.982462,2037.760602,1879.208533,2104.36747
Saudi Arabia,SAU,"GNI per capita, Atlas method (current US$)",NY.GNP.PCAP.CD,,,,,,,,,,,930,1000,1150,1600,3160,4500,8020,8770,8890,11170,14270,16530,13970,11320,10130,9010,9140,7700,7630,7080,7390,8310,8500,8050,7720,7810,8030,8230,8010,7650,8150,8520,8370,9480,11040,12650,14160,15800,18460,17900,18750,20880,24040,25440,25550,23710,21610,19990,21860,23220,22270,
Sudan,SDN,"GNI per capita, Atlas method (current US$)",NY.GNP.PCAP.CD,,,140,140,140,140,140,140,150,160,170,180,190,220,290,380,440,480,460,490,510,540,480,410,370,360,420,500,560,670,790,1070,530,370,320,400,400,400,340,330,340,370,430,520,620,760,930,1170,1370,1400,1420,1610,1660,1670,1840,1920,2160,2420,1390,940,640,670
Senegal,SEN,"GNI per capita, Atlas method (current US$)",NY.GNP.PCAP.CD,,,,,,,,,340,310,320,320,350,370,450,560,600,590,580,720,840,840,770,600,560,560,640,830,950,940,920,930,980,930,770,740,700,710,690,690,670,650,620,730,870,990,1030,1100,1240,1330,1330,1300,1320,1340,1370,1310,1270,1280,1390,1440,1430,1540
Singapore,SGP,"GNI per capita, Atlas method (current US$)",NY.GNP.PCAP.CD,,,490,530,510,540,590,660,750,850,970,1090,1280,1600,2090,2660,2930,3020,3370,3990,4730,5380,5680,6170,6930,7100,7330,8080,9320,10320,11450,12970,15270,17710,20780,23630,25610,27730,24010,23360,23680,22130,22000,23440,26170,28830,32550,36010,37230,37320,44930,48250,51710,54460,56380,53160,53250,54590,56670,58060,55010,64010
Solomon Islands,SLB,"GNI per capita, Atlas method (current US$)",NY.GNP.PCAP.CD,,,,,,,,,,,,,,,,,,,,,,,760,710,670,610,580,590,600,590,630,660,800,850,1000,1200,1320,1310,1230,1160,980,920,830,860,900,980,1040,1120,1230,1310,1470,1620,1820,2160,2190,2130,2140,2220,2360,2370,2300,2300
Sierra Leone,SLE,"GNI per capita, Atlas method (current US$)",NY.GNP.PCAP.CD,,,,,150,160,150,140,140,150,160,160,170,190,220,250,220,210,240,310,370,360,350,300,290,240,170,180,170,210,190,170,130,160,160,180,210,200,170,150,140,150,200,270,280,290,300,360,420,440,420,430,530,660,700,550,490,520,490,530,510,510
El Salvador,SLV,"GNI per capita, Atlas method (current US$)",NY.GNP.PCAP.CD,,,,,,,,300,300,300,310,320,350,380,440,480,530,610,710,780,740,740,690,670,690,720,760,820,860,860,900,930,1060,1170,1290,1480,1590,1690,1750,1810,1900,1950,2000,2130,2270,2420,2570,2680,2870,2820,2880,3060,3210,3350,3400,3440,3510,3600,3820,3980,3630,4140
San Marino,SMR,"GNI per capita, Atlas method (current US$)",NY.GNP.PCAP.CD,,,,,,,,,,,,,,,,,,,,,,,,,,,,,,,,,,,,,,,,,,,,,,,,,,,,,,,,,,,,,,
Somalia,SOM,"GNI per capita, Atlas method (current US$)",NY.GNP.PCAP.CD,,,70,70,70,70,80,90,90,90,100,100,120,140,130,190,180,160,130,110,100,110,110,100,110,120,130,150,150,150,130,,,,,,,,,,,,,,,,,,,,,,,,,400,400,380,400,420,420,450
Serbia,SRB,"GNI per capita, Atlas method (current US$)",NY.GNP.PCAP.CD,,,,,,,,,,,,,,,,,,,,,,,,,,,,,,,,,,,,,,2990,2990,2610,1610,1540,1520,2390,3250,3790,4130,4830,6030,6450,6220,6190,6080,6460,6240,5960,5700,5570,6410,7040,7430,8440
Sub-Saharan Africa (excluding high income),SSA,"GNI per capita, Atlas method (current US$)",NY.GNP.PCAP.CD,,,126.5429329,133.7996428,140.2569013,148.4310113,154.2266758,158.654005,165.7537634,179.53609,201.6861483,215.1498286,229.303007,265.5903743,345.7387059,402.4377375,429.0101277,439.5903577,461.710558,538.9627094,644.1877172,739.8864828,773.5798243,759.969669,670.5857767,602.1471964,572.8388382,603.4058928,662.0207158,658.425281,660.0002008,676.8148561,651.9748128,612.9456461,583.7315395,601.0634769,617.8848056,635.0813214,599.6823971,587.5622152,580.4447599,574.0740064,583.0958018,638.23129,776.5127643,951.8188917,1104.243421,1238.180613,1389.74114,1431.256453,1499.463737,1592.984309,1727.771609,1811.170004,1865.501884,1759.811379,1598.347066,1519.64658,1522.981168,1571.026769,1499.064133,1576.979114
South Sudan,SSD,"GNI per capita, Atlas method (current US$)",NY.GNP.PCAP.CD,,,,,,,,,,,,,,,,,,,,,,,,,,,,,,,,,,,,,,,,,,,,,,,,,,,,810,850,1160,1250,1090,,,,,,
Sub-Saharan Africa,SSF,"GNI per capita, Atlas method (current US$)",NY.GNP.PCAP.CD,,,126.5658812,133.8253796,140.2840535,148.4549728,154.2571326,158.68016,165.7774502,179.5521271,201.6988355,215.1708588,229.3348788,265.6401663,345.79447,402.4956505,429.0680815,439.6363413,461.8068546,539.1465205,644.4045571,740.1062134,773.7814432,760.1488115,670.7875294,602.4034548,573.1325506,603.7702719,662.4793544,658.9579796,660.5900307,677.4165926,652.6766464,613.7022133,584.5126045,601.8232394,618.6689518,635.9276257,600.5260379,588.3986129,581.2670992,574.8793734,583.8476374,639.0232859,777.4662207,952.9362767,1105.494196,1239.35682,1390.777642,1432.164932,1500.364358,1593.862349,1728.714947,1812.207969,1866.5809,1760.974813,1599.517394,1520.845763,1524.276667,1572.359041,1500.12736,1577.973572
Small states,SST,"GNI per capita, Atlas method (current US$)",NY.GNP.PCAP.CD,,,,,,,,,,,,,,,,,,,,,,,,,,,,,,,,,,,,,,,,,,,4272.296948,4739.318633,5616.079215,6586.680905,7794.975949,9026.167547,10263.59746,10083.73332,10476.26911,11168.90784,12314.19121,13233.21469,13413.09344,12664.41622,11724.84901,11215.00346,11853.41328,12395.71732,11276.90554,11742.30091
Sao Tome and Principe,STP,"GNI per capita, Atlas method (current US$)",NY.GNP.PCAP.CD,,,,,,,,,,,,,,,,,,,,,,,,,,,,,,,,,,,,,,,,,,,,600,700,820,940,960,1020,1060,1130,1180,1230,1430,1630,1650,1690,1700,1870,1950,2090,2280
Suriname,SUR,"GNI per capita, Atlas method (current US$)",NY.GNP.PCAP.CD,,,270,230,250,370,450,510,520,530,570,610,690,770,980,1320,1420,1640,1930,2170,2290,2640,2510,2320,2340,2380,2460,2520,2980,2230,1420,1140,1040,970,1100,1320,1630,1840,2050,1950,1970,1670,1930,2200,2820,3320,4040,5050,6330,6960,7620,7920,8550,8950,9260,8890,6940,5940,5970,6190,4620,4440
Slovak Republic,SVK,"GNI per capita, Atlas method (current US$)",NY.GNP.PCAP.CD,,,,,,,,,,,,,,,,,,,,,,,,,,,,,,,,,,,,4220,5020,5420,5430,5380,5540,5730,6040,6980,9060,11370,12950,14940,17290,17150,17550,17510,17760,18200,18280,17700,16790,16620,18340,19250,18920,20250
Slovenia,SVN,"GNI per capita, Atlas method (current US$)",NY.GNP.PCAP.CD,,,,,,,,,,,,,,,,,,,,,,,,,,,,,,,,,,,,,,11240,11000,11320,11270,10950,10920,12630,15610,18310,19820,21800,24660,24450,24620,24630,23260,23240,23620,22270,21790,22140,24640,25980,25340,28240
Sweden,SWE,"GNI per capita, Atlas method (current US$)",NY.GNP.PCAP.CD,,,2310,2490,2740,2960,3190,3460,3770,4100,4690,4990,5670,7050,8580,10160,10720,11290,12460,14790,17300,17530,15760,13550,13020,13080,15330,19360,24190,26090,27760,29110,31340,28200,27690,28070,30400,31390,31110,31300,31610,29720,29090,32750,39790,45770,49150,52310,55720,52640,54630,56700,59090,61800,61870,58420,54360,53030,55690,56420,54290,58890
Eswatini,SWZ,"GNI per capita, Atlas method (current US$)",NY.GNP.PCAP.CD,,,,,,,,,,,,,300,370,470,,,,,,,,,,,,,,,,1290,1350,1570,1580,1570,1820,1930,1960,1740,1730,1670,1700,1570,1700,2160,3080,3300,3480,3360,3320,3460,3860,4310,4420,4130,3800,3450,3390,3620,3710,3390,3680
Sint Maarten (Dutch part),SXM,"GNI per capita, Atlas method (current US$)",NY.GNP.PCAP.CD,,,,,,,,,,,,,,,,,,,,,,,,,,,,,,,,,,,,,,,,,,,,,,,,,,,,,,27540,28670,29560,30890,28210,27510,,,
Seychelles,SYC,"GNI per capita, Atlas method (current US$)",NY.GNP.PCAP.CD,,,290,310,330,320,360,350,350,330,350,410,480,630,770,870,910,870,1170,1760,2110,2300,2290,2190,2220,2490,2740,3200,3970,4540,5030,5200,6000,6390,6530,6460,6740,7330,7320,7290,7290,7310,6850,7490,9280,11140,12580,12280,11180,10230,10220,10570,11540,12700,13310,14160,14240,14660,15960,16680,13770,13260
Syrian Arab Republic,SYR,"GNI per capita, Atlas method (current US$)",NY.GNP.PCAP.CD,,,,,,,,,,,,,,,,,,,,,,,,,,,,,,,,,,,,,,,,,4070,4380,4680,5150,5830,6400,7140,7990,8970,9940,10800,6200,3070,1480,1200,1020,860,820,930,,,
Turks and Caicos Islands,TCA,"GNI per capita, Atlas method (current US$)",NY.GNP.PCAP.CD,,,,,,,,,,,,,,,,,,,,,,,,,,,,,,,,,,,,,,,,,,,,,,,,,,,,,,,23280,25530,27300,26200,28340,30120,22430,23600
Chad,TCD,"GNI per capita, Atlas method (current US$)",NY.GNP.PCAP.CD,,,110,110,110,120,120,130,130,140,140,140,150,160,190,230,220,230,240,220,240,230,210,190,180,210,210,210,270,270,270,290,330,240,220,210,200,210,220,200,180,190,200,210,340,470,530,630,700,830,910,890,960,970,980,880,730,640,680,700,630,650
East Asia & Pacific (IDA & IBRD countries),TEA,"GNI per capita, Atlas method (current US$)",NY.GNP.PCAP.CD,,,73.44826729,79.70353646,88.22530513,99.70121594,107.6741804,101.622141,98.58489125,110.498847,123.5957255,126.9815248,134.0137471,161.7241375,189.3630651,220.5576649,216.1318937,229.5419253,243.5872953,269.0455698,297.6348056,314.9730757,314.5822993,310.3561682,328.19886,350.5894757,372.2597388,388.9878772,408.9169262,411.1130776,428.6810491,458.9570621,510.3460722,551.408083,619.180807,712.4687998,829.3448147,898.6602179,842.0298669,864.6527283,920.4114677,992.3238748,1074.01252,1220.567005,1435.433141,1652.835016,1913.123035,2295.761434,2796.779627,3248.768313,3798.098202,4391.776815,5135.752146,5771.483469,6275.239984,6527.887567,6736.894513,7079.518328,7766.19478,8358.453358,8439.727483,9402.855598
Europe & Central Asia (IDA & IBRD countries),TEC,"GNI per capita, Atlas method (current US$)",NY.GNP.PCAP.CD,,,,,,,,,,,,,,,,,,,,,,,,,,,,,,,,2312.547331,2185.798293,2148.10692,1977.648098,2059.422049,2127.613984,2230.73862,2101.731263,1986.596251,2080.87701,2011.519937,2174.950077,2544.148873,3258.21106,4125.888819,5046.327194,6209.537132,7572.475679,7534.163038,7997.875092,8581.802611,9687.246867,10571.08448,10491.65444,9279.26239,8206.791855,7936.52499,8446.51788,8911.245506,8592.328637,9346.365142
Togo,TGO,"GNI per capita, Atlas method (current US$)",NY.GNP.PCAP.CD,,,90,90,100,110,120,120,130,140,130,130,140,170,220,260,270,290,330,350,420,390,320,250,230,230,250,310,390,400,400,400,420,330,310,300,310,350,330,310,310,290,300,350,390,400,410,420,470,530,560,610,590,620,640,640,670,720,880,920,920,980
Thailand,THA,"GNI per capita, Atlas method (current US$)",NY.GNP.PCAP.CD,,,110,120,130,140,160,170,180,190,210,210,220,260,330,380,420,450,530,610,710,760,760,760,790,790,830,950,1160,1320,1540,1710,1960,2130,2400,2740,2950,2680,2080,1980,1980,1960,1990,2180,2530,2790,3100,3530,3970,4140,4580,4950,5520,5720,5760,5710,5700,5970,6610,7250,7070,7260
Tajikistan,TJK,"GNI per capita, Atlas method (current US$)",NY.GNP.PCAP.CD,,,,,,,,,,,,,,,,,,,,,,,,,,,,,,,,,280,240,220,210,170,170,180,180,170,160,170,210,270,380,470,580,750,800,920,1020,1150,1330,1350,1260,1110,1030,1030,1070,1050,1150
Turkmenistan,TKM,"GNI per capita, Atlas method (current US$)",NY.GNP.PCAP.CD,,,,,,,,,,,,,,,,,,,,,,,,,,,,,,,,,,800,680,610,610,550,560,620,600,650,750,990,1310,1590,1890,2320,3040,3550,4070,4730,5560,6510,7200,7030,6830,6380,6740,7220,,
Latin America & the Caribbean (IDA & IBRD countries),TLA,"GNI per capita, Atlas method (current US$)",NY.GNP.PCAP.CD,,,,,,,477.1826837,490.829219,524.5245069,557.3147414,592.2264337,649.3516083,713.6212145,864.4899545,1105.964681,1282.676324,1365.018992,1403.253807,1529.635414,1803.30552,2105.519329,2289.321089,2173.772583,1908.584537,1810.776088,1712.136915,1739.759449,1834.014178,1957.609923,1987.380534,2101.091086,2351.889771,2675.063455,2930.899991,3310.109908,3543.982491,3946.411452,4288.167416,4284.295629,4058.125596,4113.004559,3982.513862,3722.435677,3700.443856,4003.173654,4493.168468,5193.556452,6081.788295,7030.215447,7208.521054,8004.480846,8829.130982,9765.200625,10177.83125,10058.1978,9064.993526,8325.41893,8200.758028,8523.604235,8611.682107,7493.900137,7907.686411
Timor-Leste,TLS,"GNI per capita, Atlas method (current US$)",NY.GNP.PCAP.CD,,,,,,,,,,,,,,,,,,,,,,,,,,,,,,,,,,,,,,,,,,,750,670,780,930,1310,1840,2980,2330,2850,3730,3570,3210,2710,2200,1750,1800,1820,2050,1990,1940
Middle East & North Africa (IDA & IBRD countries),TMN,"GNI per capita, Atlas method (current US$)",NY.GNP.PCAP.CD,,,,,,,,,,,,,,,,,,,,,,,,,,,,,,,,,,,,1269.666731,1459.606867,1587.191972,1635.813971,1694.019899,1777.220298,1836.094893,1821.04674,1897.941012,2150.110571,2427.045601,2772.709347,3253.09251,3822.681604,4178.759705,4542.136506,4389.148749,4738.509698,4780.911714,4623.438926,4169.290546,4065.690875,3878.302237,3765.856463,3624.172302,3245.398462,3451.196648
Tonga,TON,"GNI per capita, Atlas method (current US$)",NY.GNP.PCAP.CD,,,,,,,,,,,,,,,,,,,,,,,,690,690,720,770,870,1070,1160,1220,1350,1450,1530,1820,2090,2370,2340,2240,2170,2080,2030,2000,2000,2160,2410,2720,2900,3270,3180,3370,3810,4320,4540,4600,4440,4410,4590,4800,5150,5190,
South Asia (IDA & IBRD),TSA,"GNI per capita, Atlas method (current US$)",NY.GNP.PCAP.CD,,,86.67007333,93.94338258,104.5573201,109.3364173,105.3867012,106.5779551,103.9893741,111.3508487,117.9768027,121.910236,125.7760168,141.9904439,164.5313427,187.6632495,181.7408344,184.7023146,203.5325518,222.2435622,267.0370635,293.2105749,287.2689077,281.2271145,279.3328431,288.9452084,308.4952764,343.5478911,381.4905657,378.8994634,375.4332216,347.96957,349.6992977,335.4132921,349.2870977,374.6799004,406.156498,414.1441477,415.4534237,435.8302326,445.1181333,454.6641788,461.4236119,513.9346402,599.6635202,688.3237958,762.1352639,871.0119294,949.1916181,1053.015501,1147.126143,1277.123634,1390.220222,1437.08943,1480.672585,1525.617811,1614.615666,1758.409373,1951.982462,2037.760602,1879.208533,2104.36747
Sub-Saharan Africa (IDA & IBRD countries),TSS,"GNI per capita, Atlas method (current US$)",NY.GNP.PCAP.CD,,,126.5658812,133.8253796,140.2840535,148.4549728,154.2571326,158.68016,165.7774502,179.5521271,201.6988355,215.1708588,229.3348788,265.6401663,345.79447,402.4956505,429.0680815,439.6363413,461.8068546,539.1465205,644.4045571,740.1062134,773.7814432,760.1488115,670.7875294,602.4034548,573.1325506,603.7702719,662.4793544,658.9579796,660.5900307,677.4165926,652.6766464,613.7022133,584.5126045,601.8232394,618.6689518,635.9276257,600.5260379,588.3986129,581.2670992,574.8793734,583.8476374,639.0232859,777.4662207,952.9362767,1105.494196,1239.35682,1390.777642,1432.164932,1500.364358,1593.862349,1728.714947,1812.207969,1866.5809,1760.974813,1599.517394,1520.845763,1524.276667,1572.359041,1500.12736,1577.973572
Trinidad and Tobago,TTO,"GNI per capita, Atlas method (current US$)",NY.GNP.PCAP.CD,,,640,750,800,820,760,770,790,810,830,870,1000,1200,1500,2170,2530,2810,3360,3940,5140,6060,6710,6120,6030,5900,5090,4280,3930,3630,3710,3890,4420,4080,3880,3970,4230,4500,4620,4890,5400,6070,6760,8070,9700,11190,13280,15000,17350,16200,16460,14970,16850,18770,18590,19030,16870,16120,16120,16740,15910,15070
Tunisia,TUN,"GNI per capita, Atlas method (current US$)",NY.GNP.PCAP.CD,,,,,,,,220,250,260,270,310,400,460,610,760,810,850,940,1130,1360,1420,1280,1180,1160,1150,1140,1270,1330,1290,1410,1460,1680,1660,1710,1790,1970,2120,2150,2260,2270,2240,2180,2450,2900,3160,3330,3540,3860,4070,4190,4110,4320,4370,4390,4190,3980,3750,3760,3620,3300,3630
Turkiye,TUR,"GNI per capita, Atlas method (current US$)",NY.GNP.PCAP.CD,,,,,,,,470,520,560,560,540,560,640,850,1110,1310,1410,1520,1820,1860,1860,1570,1400,1310,1310,1450,1740,1860,1920,2310,2590,2940,3140,2680,2850,2920,3190,3440,3590,4320,3580,3590,3950,5270,6820,7880,8950,9850,9640,10490,11310,11960,12600,12630,12030,11260,10970,10510,9690,9040,9830
Tuvalu,TUV,"GNI per capita, Atlas method (current US$)",NY.GNP.PCAP.CD,,,,,,,,,,,,,,,,,,,,,,,,,,,,,,,,,,,,,,,,,,2740,3440,2610,3360,3730,3900,4650,4780,4900,4520,4790,4520,5690,4760,5580,5300,5070,5820,6240,6340,6760
Tanzania,TZA,"GNI per capita, Atlas method (current US$)",NY.GNP.PCAP.CD,,,,,,,,,,,,,,,,,,,,,,,,,,,,,,,200,190,180,170,160,170,190,220,270,330,410,410,420,430,470,500,520,540,600,670,720,770,810,890,970,980,970,970,1030,1100,1080,1140
Uganda,UGA,"GNI per capita, Atlas method (current US$)",NY.GNP.PCAP.CD,,,,,,,,,,,,,,,,,,,,,,,,,180,200,250,310,400,400,320,250,190,180,180,230,280,300,290,290,270,250,250,260,280,310,350,390,430,550,680,850,830,800,820,830,800,740,750,780,800,840
Ukraine,UKR,"GNI per capita, Atlas method (current US$)",NY.GNP.PCAP.CD,,,,,,,,,,,,,,,,,,,,,,,,,,,,,,1620,1610,1520,1410,1230,1000,920,860,890,850,760,680,720,790,980,1270,1540,1950,2590,3210,2840,3030,3150,3650,3950,3560,2800,2360,2360,2750,3310,3570,4120
Upper middle income,UMC,"GNI per capita, Atlas method (current US$)",NY.GNP.PCAP.CD,,,171.0883672,186.7637499,209.1502096,232.4431789,251.5294285,250.1915309,258.6500954,282.5720981,306.7526191,325.7578974,352.0271087,426.1913845,527.3714007,621.0437727,638.2146888,660.5014648,707.6282498,821.1256247,936.5703012,996.2660817,950.4602951,868.4589357,870.3721628,869.3529558,905.131276,978.0845576,1056.816447,1082.46931,1185.389269,1211.623198,1301.017317,1373.136515,1468.940711,1586.017983,1759.978916,1900.217708,1865.476032,1824.032017,1901.543055,1899.175278,1930.970777,2097.765346,2450.670605,2881.546331,3388.099168,4047.668391,4819.944637,5185.671248,5857.8059,6592.867012,7570.090532,8313.863752,8655.150254,8448.808875,8244.670294,8423.711829,9089.937504,9635.699593,9398.909214,10363.07342
Uruguay,URY,"GNI per capita, Atlas method (current US$)",NY.GNP.PCAP.CD,,,580,610,660,680,720,640,610,670,820,850,870,1060,1370,1620,1490,1420,1630,2150,2870,3650,3290,2190,1740,1510,1780,2210,2600,2730,2840,3180,3830,4350,5040,5530,6160,6970,7240,7260,7060,6500,5140,4250,4130,4720,5390,6390,7710,8810,10440,12060,13330,15330,15790,15620,15440,15920,17280,17770,15740,15800
United States,USA,"GNI per capita, Atlas method (current US$)",NY.GNP.PCAP.CD,,,3280,3410,3610,3880,4190,4370,4740,5070,5230,5620,6280,7290,7980,8510,8960,9590,10760,12200,13380,14360,14220,14570,16210,17460,19110,21390,23490,23770,24060,24270,25680,26390,27650,29040,30270,31270,32030,33680,35960,36700,37310,39750,43510,46180,47830,48500,49100,47870,49150,50620,52790,53990,55800,56620,57140,59250,63490,65970,64140,70430
Uzbekistan,UZB,"GNI per capita, Atlas method (current US$)",NY.GNP.PCAP.CD,,,,,,,,,,,,,,,,,,,,,,,,,,,,,,,,,600,590,570,580,600,610,620,650,630,560,450,420,460,530,610,770,980,1150,1410,1730,2160,2430,2600,2740,2790,2470,2110,1870,1740,1960
St. Vincent and the Grenadines,VCT,"GNI per capita, Atlas method (current US$)",NY.GNP.PCAP.CD,,,180,160,170,180,180,170,190,190,210,220,300,310,340,370,390,460,560,710,830,960,1030,1090,1200,1330,1450,1660,1950,2030,2110,2230,2540,2680,2640,2890,3000,3070,3190,3310,3570,3850,4210,4620,4990,5240,5750,6200,6530,6660,6410,6450,6740,6950,6790,6980,7290,7460,7990,8140,7790,8100
"Venezuela, RB",VEN,"GNI per capita, Atlas method (current US$)",NY.GNP.PCAP.CD,,,960,990,950,890,820,840,900,910,980,1010,1120,1340,1720,2140,2470,2600,2790,3180,3610,4100,4050,3780,3640,3520,3610,3350,3400,2560,2670,2690,2870,2850,2740,3040,3100,3470,3420,3570,4120,4600,3990,3490,4110,4980,6130,7630,9400,10380,11810,11980,12710,11970,13080,,,,,,,
British Virgin Islands,VGB,"GNI per capita, Atlas method (current US$)",NY.GNP.PCAP.CD,,,,,,,,,,,,,,,,,,,,,,,,,,,,,,,,,,,,,,,,,,,,,,,,,,,,,,,,,,,,,,
Virgin Islands (U.S.),VIR,"GNI per capita, Atlas method (current US$)",NY.GNP.PCAP.CD,,,,,,,,,,,,,,,,,,,,,,,,,,,,,,,,,,,,,,,,,,,,,,,,,,,,,,,,,,,,,,
Vietnam,VNM,"GNI per capita, Atlas method (current US$)",NY.GNP.PCAP.CD,,,,,,,,,,,,,,,,,,,,,,,,,,,,,,210,130,110,130,160,190,250,300,330,340,350,380,400,420,460,530,630,720,840,980,1110,1360,1610,1970,2190,2380,2460,2570,2700,3030,3280,3390,3560
Vanuatu,VUT,"GNI per capita, Atlas method (current US$)",NY.GNP.PCAP.CD,,,,,,,,,,,,,,,,,,,,,,940,840,800,900,930,980,890,990,1110,1240,1120,1150,1150,1210,1240,1330,1390,1450,1430,1430,1370,1230,1360,1590,1780,1990,2100,2460,2530,2600,2800,2830,2960,3000,2820,2830,2900,3170,3440,3240,3140
World,WLD,"GNI per capita, Atlas method (current US$)",NY.GNP.PCAP.CD,,,481.6866502,508.597042,544.7534198,586.3715621,628.9484653,656.3364384,704.3877234,760.1052944,803.2093004,863.9855212,971.1824646,1173.515082,1374.230411,1541.604244,1621.727933,1718.887308,1928.935747,2281.431706,2613.583494,2718.705577,2587.926985,2455.157162,2498.497635,2572.347465,2838.383334,3310.002831,3910.846778,4051.41892,4204.752185,4321.047372,4636.514742,4719.596524,4938.830764,5250.529565,5522.847981,5572.412538,5332.840044,5336.997247,5521.722253,5498.863396,5457.330085,5857.011173,6675.955307,7394.001308,7888.108452,8408.813604,9008.811971,9043.543009,9477.645252,9952.742402,10539.50199,10910.99224,11022.98001,10664.12152,10408.10544,10488.50435,11178.84799,11576.78538,11099.22749,12069.59659
Samoa,WSM,"GNI per capita, Atlas method (current US$)",NY.GNP.PCAP.CD,,,,,,,,,,,,,,,,,,,,,,,,,510,480,500,530,550,580,570,540,,,,,,,,,,,1490,1640,1930,2330,2560,2760,3080,3280,3450,3630,3660,3800,3820,3960,4110,4070,4050,4230,4050,3860
Kosovo,XKX,"GNI per capita, Atlas method (current US$)",NY.GNP.PCAP.CD,,,,,,,,,,,,,,,,,,,,,,,,,,,,,,,,,,,,,,,,,,,,,,,,,,,3150,3390,3540,3800,3910,3930,3930,3950,4300,4640,4440,4970
"Yemen, Rep.",YEM,"GNI per capita, Atlas method (current US$)",NY.GNP.PCAP.CD,,,,,,,,,,,,,,,,,,,,,,,,,,,,,,,,,510,460,380,320,300,330,370,380,430,480,520,550,610,700,810,890,1010,1100,1200,1080,1260,1440,1460,1200,1160,1080,910,820,670,
South Africa,ZAF,"GNI per capita, Atlas method (current US$)",NY.GNP.PCAP.CD,,,530,570,610,650,690,750,800,860,930,1010,1060,1280,1600,1830,1760,1690,1800,2150,2740,3140,3030,2770,2710,2350,2180,2410,2910,3100,3130,3270,3550,3700,3850,4010,4050,3990,3590,3480,3420,3190,2990,3280,4180,5610,6310,6630,6660,6510,6880,7760,8370,8070,7370,6610,5990,5910,6340,6670,6010,6440
Zambia,ZMB,"GNI per capita, Atlas method (current US$)",NY.GNP.PCAP.CD,,,190,190,210,270,280,330,370,410,450,440,440,450,580,590,570,500,490,510,610,690,610,500,420,340,250,260,330,400,430,390,360,380,350,380,400,400,360,350,330,350,360,410,460,560,720,900,1180,1280,1340,1420,1690,1760,1800,1580,1370,1300,1440,1430,1160,1040
Zimbabwe,ZWE,"GNI per capita, Atlas method (current US$)",NY.GNP.PCAP.CD,,,270,270,260,280,280,300,300,340,400,410,450,530,670,730,710,650,650,730,900,1060,1040,960,830,740,690,700,810,840,860,850,700,640,630,620,690,700,620,570,510,540,490,440,450,460,440,420,330,480,700,1060,1260,1320,1370,1390,1390,1350,1350,1210,1140,1400